{
    "criteria": {
        "check": {
            "trigger": "minecraft:item_used_on_block",
            "conditions": {
                "location": {
                    "block": {
                        "tag": "minecraft:beds"
                    }
                },
                "player": [
                    {
                        "condition": "reference",
                        "name": "no_sleep:can_use_bed"
                    }
                ]
            }
        }
    },
    "rewards": {
        "function": "no_sleep:use/bed"
    }
}