{
    "criteria": {
        "check": {
            "trigger": "minecraft:item_used_on_block",
            "conditions": {
                "location": {
                    "block": {
                        "blocks": [
                            "minecraft:respawn_anchor"
                        ]
                    }
                },
                "player": [
                    {
                        "condition": "reference",
                        "name": "no_sleep:can_use_bed"
                    }
                ]
            }
        }
    },
    "rewards": {
        "function": "no_sleep:use/respawn_anchor"
    }
}