﻿{    "pools": [        {            "rolls": 1,            "entries": [                {                    "type": "item",                    "name": "minecraft:blaze_rod",                    "weight": 1,                    "functions": [                        {                            "function": "set_count",                            "count": {                                "min": 0,                                "max": 1                            }                        },                        {                            "function": "looting_enchant",                            "count": {                                "min": 0,                                "max": 1                            }                        }                    ]                }            ]        }    ]}