﻿{    "pools": [        {            "rolls": 1,            "entries": [                {                    "type": "item",                    "name": "minecraft:chorus_fruit",                    "weight": 1,                    "functions": [                        {                            "function": "set_count",                            "count": {                                "min": 0,                                "max": 1                            }                        }                    ]                }            ]        }    ]}