﻿{    "pools": [        {            "rolls": 1,            "entries": [                {                    "type": "item",                    "name": "minecraft:potion",                    "weight": 1,                    "functions": [                        {                            "function": "minecraft:set_nbt",                            "tag": "{Potion:\"minecraft:long_swiftness\"}"                        }                    ]                },                {                    "type": "item",                    "name": "minecraft:potion",                    "weight": 1,                    "functions": [                        {                            "function": "minecraft:set_nbt",                            "tag": "{Potion:\"minecraft:long_leaping\"}"                        }                    ]                },                {                    "type": "item",                    "name": "minecraft:potion",                    "weight": 1,                    "functions": [                        {                            "function": "minecraft:set_nbt",                            "tag": "{Potion:\"minecraft:long_regeneration\"}"                        }                    ]                },                {                    "type": "item",                    "name": "minecraft:potion",                    "weight": 1,                    "functions": [                        {                            "function": "minecraft:set_nbt",                            "tag": "{Potion:\"minecraft:long_fire_resistance\"}"                        }                    ]                }            ]        }    ]}