﻿{
    "pools": [
        {
            "rolls": 1,
            "entries": [
                {
                    "type": "item",
                    "name": "minecraft:prismarine_shard",
                    "weight": 1,
                    "functions": [
                        {
                            "function": "minecraft:set_count",
                            "count": {
                                "min":5,
                                "max":20
                            }
                        },
                        {
                            "function": "minecraft:set_nbt",
                            "tag": "{Enchantments:[],RepairCost:1000000000,display:{Name:'{\"text\":\"§3オレウス海晶貨\"}',Lore:['{\"text\":\"§rトカルトコルデの補助通貨\"}']}}"
                        }
                    ]
                }
            ]
        },
        {
            "rolls": 1,
            "entries": [
                {
                    "type": "item",
                    "name": "minecraft:prismarine_crystals",
                    "weight": 1,
                    "functions": [
                        {
                            "function": "minecraft:set_count",
                            "count": {
                                "min": 0,
                                "max": 0
                            }
                        },
                        {
                            "function": "minecraft:set_nbt",
                            "tag": "{Enchantments:[],RepairCost:1000000000,display:{Name:'{\"text\":\"§bコロナ海晶貨\"}',Lore:['{\"text\":\"§rトカルトコルデの通貨\"}']}}"
                        }
                    ]
                }
            ]
        }
    ]
}
