{
    "criteria": {
        "check": {
            "trigger": "minecraft:tick",
            "conditions": {
                "player": [
                    {
                        "condition": "entity_properties",
                        "entity": "this",
                        "predicate": {
                            "type_specific": {
                                "type": "player",
                                "advancements": {
                                    "no_sleep:death": true
                                }
                            }
                        }
                    },
                    {
                        "condition": "minecraft:inverted",
                        "term": {
                            "condition": "minecraft:entity_properties",
                            "entity": "this",
                            "predicate": {
                                "nbt": "{Health:0f}"
                            }
                        }
                    }
                ]
            }
        }
    },
    "rewards": {
        "function": "no_sleep:respawn/"
    }
}