﻿{
    "pools": [
        {
            "rolls": 1,
            "entries": [
                {
                    "type": "item",
                    "name": "minecraft:diamond",
                    "weight": 1,
                    "functions": [
                        {
                            "function": "set_count",
                            "count": {
                                "min": 8,
                                "max": 16
                            }
                        }
                    ]
                },
                {
                    "type": "item",
                    "name": "minecraft:iron_ingot",
                    "weight": 1,
                    "functions": [
                        {
                            "function": "set_count",
                            "count": {
                                "min": 8,
                                "max": 16
                            }
                        }
                    ]
                },
                {
                    "type": "item",
                    "name": "minecraft:gold_ingot",
                    "weight": 1,
                    "functions": [
                        {
                            "function": "set_count",
                            "count": {
                                "min": 8,
                                "max": 16
                            }
                        }
                    ]
                },
                {
                    "type": "item",
                    "name": "minecraft:emerald",
                    "weight": 1,
                    "functions": [
                        {
                            "function": "set_count",
                            "count": {
                                "min": 96,
                                "max": 128
                            }
                        }
                    ]
                },
                {
                    "type": "item",
                    "name": "minecraft:lapis_lazuli",
                    "weight": 1,
                    "functions": [
                        {
                            "function": "set_count",
                            "count": {
                                "min": 8,
                                "max": 16
                            }
                        }
                    ]
                },
                {
                    "type": "item",
                    "name": "minecraft:enchanted_golden_apple",
                    "weight": 1,
                    "functions": [
                        {
                            "function": "set_count",
                            "count": 1
                        }
                    ]
                },
                {
                    "type": "item",
                    "name": "minecraft:iron_helmet",
                    "weight": 1,
                    "functions": [
                        {
                            "function": "enchant_with_levels",
                            "treasure": false,
                            "levels": {
                                "min": 20,
                                "max": 40
                            }
                        }
                    ]
                },
                {
                    "type": "item",
                    "name": "minecraft:iron_chestplate",
                    "weight": 1,
                    "functions": [
                        {
                            "function": "enchant_with_levels",
                            "treasure": false,
                            "levels": {
                                "min": 20,
                                "max": 40
                            }
                        }
                    ]
                },
                {
                    "type": "item",
                    "name": "minecraft:iron_leggings",
                    "weight": 1,
                    "functions": [
                        {
                            "function": "enchant_with_levels",
                            "treasure": false,
                            "levels": {
                                "min": 20,
                                "max": 40
                            }
                        }
                    ]
                },
                {
                    "type": "item",
                    "name": "minecraft:iron_boots",
                    "weight": 1,
                    "functions": [
                        {
                            "function": "enchant_with_levels",
                            "treasure": false,
                            "levels": {
                                "min": 20,
                                "max": 40
                            }
                        }
                    ]
                },
                {
                    "type": "item",
                    "name": "minecraft:diamond_helmet",
                    "weight": 1,
                    "functions": [
                        {
                            "function": "enchant_with_levels",
                            "treasure": false,
                            "levels": {
                                "min": 20,
                                "max": 40
                            }
                        }
                    ]
                },
                {
                    "type": "item",
                    "name": "minecraft:diamond_chestplate",
                    "weight": 1,
                    "functions": [
                        {
                            "function": "enchant_with_levels",
                            "treasure": false,
                            "levels": {
                                "min": 20,
                                "max": 40
                            }
                        }
                    ]
                },
                {
                    "type": "item",
                    "name": "minecraft:diamond_leggings",
                    "weight": 1,
                    "functions": [
                        {
                            "function": "enchant_with_levels",
                            "treasure": false,
                            "levels": {
                                "min": 20,
                                "max": 40
                            }
                        }
                    ]
                },
                {
                    "type": "item",
                    "name": "minecraft:diamond_boots",
                    "weight": 1,
                    "functions": [
                        {
                            "function": "enchant_with_levels",
                            "treasure": false,
                            "levels": {
                                "min": 20,
                                "max": 40
                            }
                        }
                    ]
                },
                {
                    "type": "item",
                    "name": "minecraft:bow",
                    "weight": 1,
                    "functions": [
                        {
                            "function": "enchant_with_levels",
                            "treasure": false,
                            "levels": {
                                "min": 20,
                                "max": 40
                            }
                        }
                    ]
                },
                {
                    "type": "item",
                    "name": "minecraft:iron_sword",
                    "weight": 1,
                    "functions": [
                        {
                            "function": "enchant_with_levels",
                            "treasure": false,
                            "levels": {
                                "min": 20,
                                "max": 40
                            }
                        }
                    ]
                },
                {
                    "type": "item",
                    "name": "minecraft:iron_shovel",
                    "weight": 1,
                    "functions": [
                        {
                            "function": "enchant_with_levels",
                            "treasure": false,
                            "levels": {
                                "min": 20,
                                "max": 40
                            }
                        }
                    ]
                },
                {
                    "type": "item",
                    "name": "minecraft:iron_pickaxe",
                    "weight": 1,
                    "functions": [
                        {
                            "function": "enchant_with_levels",
                            "treasure": false,
                            "levels": {
                                "min": 20,
                                "max": 40
                            }
                        }
                    ]
                },
                {
                    "type": "item",
                    "name": "minecraft:iron_axe",
                    "weight": 1,
                    "functions": [
                        {
                            "function": "enchant_with_levels",
                            "treasure": false,
                            "levels": {
                                "min": 20,
                                "max": 40
                            }
                        }
                    ]
                },
                {
                    "type": "item",
                    "name": "minecraft:iron_hoe",
                    "weight": 1,
                    "functions": [
                        {
                            "function": "enchant_with_levels",
                            "treasure": false,
                            "levels": {
                                "min": 20,
                                "max": 40
                            }
                        }
                    ]
                },
                {
                    "type": "item",
                    "name": "minecraft:diamond_sword",
                    "weight": 1,
                    "functions": [
                        {
                            "function": "enchant_with_levels",
                            "treasure": false,
                            "levels": {
                                "min": 20,
                                "max": 40
                            }
                        }
                    ]
                },
                {
                    "type": "item",
                    "name": "minecraft:diamond_shovel",
                    "weight": 1,
                    "functions": [
                        {
                            "function": "enchant_with_levels",
                            "treasure": false,
                            "levels": {
                                "min": 20,
                                "max": 40
                            }
                        }
                    ]
                },
                {
                    "type": "item",
                    "name": "minecraft:diamond_pickaxe",
                    "weight": 1,
                    "functions": [
                        {
                            "function": "enchant_with_levels",
                            "treasure": false,
                            "levels": {
                                "min": 20,
                                "max": 40
                            }
                        }
                    ]
                },
                {
                    "type": "item",
                    "name": "minecraft:diamond_axe",
                    "weight": 1,
                    "functions": [
                        {
                            "function": "enchant_with_levels",
                            "treasure": false,
                            "levels": {
                                "min": 20,
                                "max": 40
                            }
                        }
                    ]
                },
                {
                    "type": "item",
                    "name": "minecraft:diamond_hoe",
                    "weight": 1,
                    "functions": [
                        {
                            "function": "enchant_with_levels",
                            "treasure": false,
                            "levels": {
                                "min": 20,
                                "max": 40
                            }
                        }
                    ]
                },
                {
                    "type": "item",
                    "name": "minecraft:potion",
                    "weight": 1,
                    "functions": [
                        {
                            "function": "set_nbt",
                            "tag": "{CustomPotionEffects: [{Duration: 0, Id: 26b, Amplifier: 0b, ShowParticles: 1b}, {Duration: 3, Id: 14b, Amplifier: 3b, ShowParticles: 0b}], HideFlags: 32, Potion: \"minecraft:water\", display: {Lore: ['{\"text\":\"§aマナがたぽっと詰まった飲み物。\"}', '{\"text\":\"§a飲むとMPがとても大きく回復する。\"}', '{\"text\":\"\"}', '{\"text\":\"§7スプラッシュ化不可\"}'], Name: '{\"text\":\"§2§lスーパーエーテル\"}'}}"
                        }
                    ]
                },
                {
                    "type": "item",
                    "name": "minecraft:bat_spawn_egg",
                    "weight": 1,
                    "functions": [
                        {
                            "function": "set_nbt",
                            "tag": "{RepairCost: 1000000000, HideFlags: 16, display: {Lore: ['{\"text\":\"§r§7鉄§f防具一式§eが圧縮された印玉。\"}', '{\"text\":\"§e使用すると§l§f防具一式§eが§b解凍§eされる。\"}'], Name: '{\"text\":\"§r§f圧縮防具の印玉§7§l-鉄-\"}'}, Enchantments: [], EntityTag: {DeathLootTable: \"usb:signs/ironarmor\", id: \"minecraft:bat\", DeathTime: 19s, Tags: [\"RewardEgg\", \"TypeChecked\"], ActiveEffects: [{Duration: 100, Id: 7b, Amplifier: 5b, ShowParticles: 0b}, {Duration: 100, Id: 14b, Amplifier: 0b, ShowParticles: 0b}]}, CanPlaceOn: [\"#minecraft:all\"]}"
                        }
                    ]
                },
                {
                    "type": "item",
                    "name": "minecraft:bat_spawn_egg",
                    "weight": 1,
                    "functions": [
                        {
                            "function": "set_nbt",
                            "tag": "{RepairCost: 1000000000, HideFlags: 16, display: {Lore: ['{\"text\":\"§r§e使用すると、ﾗﾝﾀﾞﾑで\"}', '{\"text\":\"§7鉄製§eの道具が出現する。\"}'], Name: '{\"text\":\"§r§7鉄道具の印玉\"}'}, Enchantments: [], EntityTag: {DeathLootTable: \"usb:signs/iron\", id: \"minecraft:bat\", DeathTime: 19s, ActiveEffects: [{Duration: 100, Id: 7b, Amplifier: 5b, ShowParticles: 0b}, {Duration: 100, Id: 14b, Amplifier: 0b, ShowParticles: 0b}], Tags: [\"RewardEgg\", \"TypeChecked\"]}, CanPlaceOn: [\"#minecraft:all\"]}"
                        }
                    ]
                },
                {
                    "type": "item",
                    "name": "minecraft:chorus_flower",
                    "weight": 1,
                    "functions": [
                        {
                            "function": "set_nbt",
                            "tag": "{RepairCost: 1000000000, HideFlags: 32, AttributeModifiers: [{Amount: 6.0d, Slot: \"mainhand\", AttributeName: \"generic.max_health\", Operation: 0, UUID: [I; 0, 1, 0, 1], Name: \"wax\"}, {Amount: 0.03d, Slot: \"mainhand\", AttributeName: \"generic.movement_speed\", Operation: 0, UUID: [I; 0, 1, 0, 2], Name: \"wax\"}, {Amount: 0.15d, Slot: \"mainhand\", AttributeName: \"generic.attack_damage\", Operation: 0, UUID: [I; 0, 1, 0, 3], Name: \"wax\"}], display: {Name: '{\"text\":\"§5§l紫菊花石\"}'}, Enchantments: [{lvl: 3s, id: \"minecraft:knockback\"}, {lvl: 1s, id: \"minecraft:fire_aspect\"}]}"
                        }
                    ]
                },
                {
                    "type": "item",
                    "name": "minecraft:gray_banner",
                    "weight": 1,
                    "functions": [
                        {
                            "function": "set_nbt",
                            "tag": "{RepairCost: 1000000000, HideFlags: 32, BlockEntityTag: {Patterns: [{Pattern: \"cbo\", Color: 15}, {Pattern: \"bts\", Color: 15}, {Pattern: \"tts\", Color: 15}, {Pattern: \"mr\", Color: 15}, {Pattern: \"mc\", Color: 11}, {Pattern: \"flo\", Color: 0}, {Pattern: \"mc\", Color: 15}], id: \"minecraft:banner\"},display:{Name:'{\"text\":\"§5§l環§l\"}'},Enchantments:[{lvl:5s,id:\"minecraft:knockback\"},{lvl:2s,id:\"minecraft:looting\"},{lvl: 5s,id:\"minecraft:sharpness\"}], AttributeModifiers:[{Amount: 0.04d, Slot: \"mainhand\", AttributeName: \"generic.movement_speed\", Operation: 0, UUID: [I; 0, 1, 0, 1], Name: \"wax\"}]}"
                        }
                    ]
                },
                {
                    "type": "item",
                    "name": "minecraft:firework_star",
                    "weight": 1,
                    "functions": [
                        {
                            "function": "set_nbt",
                            "tag": "{RepairCost: 1000000000, HideFlags: 32, AttributeModifiers: [{Amount: 2.0d, Slot: \"mainhand\", AttributeName: \"generic.max_health\", Operation: 0, UUID: [I; 0, 1, 0, 1], Name: \"wax\"}], display: {Name: '{\"text\":\"§5§l無\"}'}, Enchantments: [{lvl: 4s, id: \"minecraft:sharpness\"}, {lvl: 2s, id: \"minecraft:knockback\"}, {lvl: 1s, id: \"minecraft:fire_aspect\"}]}"
                        }
                    ]
                },
                {
                    "type": "item",
                    "name": "minecraft:melon",
                    "weight": 1,
                    "functions": [
                        {
                            "function": "set_nbt",
                            "tag": "{RepairCost: 1000000000, HideFlags: 32, AttributeModifiers: [{Amount: 10.0d, Slot: \"mainhand\", AttributeName: \"generic.max_health\", Operation: 0, UUID: [I; 0, 1, 0, 1], Name: \"wax\"}, {Amount: 0.02d, Slot: \"mainhand\", AttributeName: \"generic.movement_speed\", Operation: 0, UUID: [I; 0, 1, 0, 2], Name: \"wax\"}, {Amount: 0.5d, Slot: \"mainhand\", AttributeName: \"generic.armor\", Operation: 0, UUID: [I; 0, 1, 0, 3], Name: \"wax\"}], display: {Name: '{\"text\":\"§1§lスイカ\"}'}, Enchantments: [{lvl: 3s, id: \"minecraft:sharpness\"}]}"
                        }
                    ]
                },
                {
                    "type": "item",
                    "name": "minecraft:stone_sword",
                    "weight": 1,
                    "functions": [
                        {
                            "function": "set_nbt",
                            "tag": "{RepairCost: 1000000000, HideFlags: 32, display: {Name: '{\"text\":\"§8§lバルムンク\"}'}, Enchantments: [{lvl: 2s, id: \"minecraft:knockback\"}, {lvl: 5s, id: \"minecraft:smite\"}, {lvl: 2s, id: \"minecraft:looting\"}, {lvl: 1s, id: \"minecraft:fire_aspect\"}], Damage: 0, AttributeModifiers: [{Amount: 4.0d, Slot: \"mainhand\", AttributeName: \"generic.max_health\", Operation: 0, UUID: [I; 0, 1, 0, 1], Name: \"wax\"}, {Amount: 0.04d, Slot: \"mainhand\", AttributeName: \"generic.movement_speed\", Operation: 0, UUID: [I; 0, 1, 0, 2], Name: \"wax\"}, {Amount: 0.08d, Slot: \"mainhand\", AttributeName: \"generic.attack_damage\", Operation: 0, UUID: [I; 0, 1, 0, 3], Name: \"wax\"}]}"
                        }
                    ]
                },
                {
                    "type": "item",
                    "name": "minecraft:shears",
                    "weight": 1,
                    "functions": [
                        {
                            "function": "set_nbt",
                            "tag": "{RepairCost: 1000000000, HideFlags: 32, display: {Name: '{\"text\":\"§7§lネッシー\"}'}, Enchantments: [{lvl: 2s, id: \"minecraft:sharpness\"}, {lvl: 5s, id: \"minecraft:efficiency\"}], Damage: 0, AttributeModifiers: []}"
                        }
                    ]
                },
                {
                    "type": "item",
                    "name": "minecraft:lead",
                    "weight": 1,
                    "functions": [
                        {
                            "function": "set_nbt",
                            "tag": "{RepairCost: 1000000000, HideFlags: 32, AttributeModifiers: [{Amount: 2.0d, Slot: \"mainhand\", AttributeName: \"generic.max_health\", Operation: 0, UUID: [I; 0, 1, 0, 1], Name: \"wax\"}, {Amount: 0.03d, Slot: \"mainhand\", AttributeName: \"generic.movement_speed\", Operation: 0, UUID: [I; 0, 1, 0, 2], Name: \"wax\"}, {Amount: 0.25d, Slot: \"mainhand\", AttributeName: \"generic.attack_damage\", Operation: 0, UUID: [I; 0, 1, 0, 3], Name: \"wax\"}], display: {Name: '{\"text\":\"§6§l反重力投げ縄\"}'}, Enchantments: [{lvl: 5s, id: \"minecraft:knockback\"}]}"
                        }
                    ]
                },
                {
                    "type": "item",
                    "name": "minecraft:bone",
                    "weight": 1,
                    "functions": [
                        {
                            "function": "set_nbt",
                            "tag": "{RepairCost: 1000000000, HideFlags: 32, display: {Name: '{\"text\":\"§2§lモノホシザオ\"}'}, Enchantments: [{lvl: 5s, id: \"minecraft:sharpness\"}, {lvl: 2s, id: \"minecraft:unbreaking\"}]}"
                        }
                    ]
                },
                {
                    "type": "item",
                    "name": "minecraft:diamond_axe",
                    "weight": 1,
                    "functions": [
                        {
                            "function": "set_nbt",
                            "tag": "{RepairCost: 1000000000, HideFlags: 32, display: {Name: '{\"text\":\"§2§lトマホーク\"}'}, Enchantments: [{lvl: 2s, id: \"minecraft:knockback\"}, {lvl: 5s, id: \"minecraft:smite\"}, {lvl: 3s, id: \"minecraft:sharpness\"}, {lvl: 1s, id: \"minecraft:fire_aspect\"}], Damage: 0, AttributeModifiers: [{Amount: 4.0d, Slot: \"mainhand\", AttributeName: \"generic.max_health\", Operation: 0, UUID: [I; 0, 1, 0, 1], Name: \"wax\"}, {Amount: 0.04d, Slot: \"mainhand\", AttributeName: \"generic.movement_speed\", Operation: 0, UUID: [I; 0, 1, 0, 2], Name: \"wax\"}, {Amount: 0.1d, Slot: \"mainhand\", AttributeName: \"generic.attack_damage\", Operation: 0, UUID: [I; 0, 1, 0, 3], Name: \"wax\"}]}"
                        }
                    ]
                },
                {
                    "type": "item",
                    "name": "minecraft:wooden_sword",
                    "weight": 1,
                    "functions": [
                        {
                            "function": "set_nbt",
                            "tag": "{RepairCost: 1000000000, Damage: 0, HideFlags: 32, display: {Name: '{\"text\":\"§2§lクサナギノツルギ\"}'}, Enchantments: [{lvl: 3, id: \"minecraft:knockback\"}, {lvl: 5, id: \"minecraft:sharpness\"}]}"
                        }
                    ]
                },
                {
                    "type": "item",
                    "name": "minecraft:enchanted_book",
                    "weight": 1,
                    "functions": [
                        {
                            "function": "set_nbt",
                            "tag": "{RepairCost: 1000000000, HideFlags: 32, display: {Name: '{\"text\":\"§5§l魔導書§l\"}'}, Enchantments: [{lvl: 1s, id: \"minecraft:sharpness\"}, {lvl: 1s, id: \"minecraft:fire_aspect\"}], StoredEnchantments: [{lvl: 1s, id: \"minecraft:mending\"}], AttributeModifiers: [{Amount: -0.15d, Slot: \"mainhand\", AttributeName: \"generic.max_health\", Operation: 2, UUID: [I; 0, 1, 0, 1], Name: \"wax\"}, {Amount: -0.05d, Slot: \"mainhand\", AttributeName: \"generic.knockback_resistance\", Operation: 0, UUID: [I; 0, 1, 0, 2], Name: \"wax\"}, {Amount: -0.03d, Slot: \"mainhand\", AttributeName: \"generic.movement_speed\", Operation: 0, UUID: [I; 0, 1, 0, 3], Name: \"wax\"}, {Amount: 10.0d, Slot: \"mainhand\", AttributeName: \"generic.attack_damage\", Operation: 0, UUID: [I; 0, 1, 0, 4], Name: \"wax\"}, {Amount: 8.0d, Slot: \"offhand\", AttributeName: \"generic.max_health\", Operation: 0, UUID: [I; 0, 2, 0, 5], Name: \"wax\"}, {Amount: 0.5d, Slot: \"offhand\", AttributeName: \"generic.knockback_resistance\", Operation: 0, UUID: [I; 0, 2, 0, 6], Name: \"wax\"}, {Amount: -0.03d, Slot: \"offhand\", AttributeName: \"generic.movement_speed\", Operation: 0, UUID: [I; 0, 2, 0, 7], Name: \"wax\"}, {Amount: 2.0d, Slot: \"offhand\", AttributeName: \"generic.armor\", Operation: 0, UUID: [I; 0, 2, 0, 8], Name: \"wax\"}, {Amount: -10.0d, Slot: \"offhand\", AttributeName: \"generic.attack_damage\", Operation: 0, UUID: [I; 0, 2, 0, 9], Name: \"wax\"}]}"
                        }
                    ]
                },
                {
                    "type": "item",
                    "name": "minecraft:iron_sword",
                    "weight": 1,
                    "functions": [
                        {
                            "function": "set_nbt",
                            "tag": "{RepairCost: 1000000000, HideFlags: 32, display: {Name: '{\"text\":\"§c§lラハット・ハヘレヴ・ハミトゥハペヘット\"}'}, Enchantments: [{lvl: 5s, id: \"minecraft:fire_aspect\"}, {lvl: 2s, id: \"minecraft:knockback\"}, {lvl: 3s, id: \"minecraft:sharpness\"}], Damage: 0, AttributeModifiers: [{Amount: 2.0d, Slot: \"mainhand\", AttributeName: \"generic.max_health\", Operation: 0, UUID: [I; 0, 1, 0, 1], Name: \"wax\"}, {Amount: 0.03d, Slot: \"mainhand\", AttributeName: \"generic.knockback_resistance\", Operation: 0, UUID: [I; 0, 1, 0, 2], Name: \"wax\"}, {Amount: 0.03d, Slot: \"mainhand\", AttributeName: \"generic.movement_speed\", Operation: 0, UUID: [I; 0, 1, 0, 3], Name: \"wax\"}]}"
                        }
                    ]
                },
                {
                    "type": "item",
                    "name": "minecraft:furnace",
                    "weight": 1,
                    "functions": [
                        {
                            "function": "set_nbt",
                            "tag": "{RepairCost: 1000000000, HideFlags: 32, BlockEntityTag: {CookTime: 0s, BurnTime: 19890s, Items: [{Slot: 0b, id: \"minecraft:redstone_block\", Count: 1b, tag: {RepairCost: 1000000000, HideFlags: 32, AttributeModifiers: [{Amount: 1.0d, Slot: \"mainhand\", AttributeName: \"generic.max_health\", Operation: 0, UUID: [I; 0, 1, 0, 1], Name: \"wax\"}, {Amount: 0.01d, Slot: \"mainhand\", AttributeName: \"generic.movement_speed\", Operation: 0, UUID: [I; 0, 1, 0, 2], Name: \"wax\"}, {Amount: 3.0d, Slot: \"mainhand\", AttributeName: \"generic.attack_damage\", Operation: 0, UUID: [I; 0, 1, 0, 3], Name: \"wax\"}], display: {Name: '{\"text\":\"§4§l熱い赤塊\"}'}, Enchantments: [{lvl: 3, id: \"minecraft:fire_aspect\"}]}}, {Slot: 1b, id: \"minecraft:redstone\", Count: 3b, tag: {RepairCost: 1000000000, HideFlags: 32, AttributeModifiers: [{Amount: 0.5d, Slot: \"mainhand\", AttributeName: \"generic.max_health\", Operation: 0, UUID: [I; 0, 1, 0, 1], Name: \"wax\"}, {Amount: 0.01d, Slot: \"mainhand\", AttributeName: \"generic.movement_speed\", Operation: 0, UUID: [I; 0, 1, 0, 2], Name: \"wax\"}, {Amount: 1.0d, Slot: \"mainhand\", AttributeName: \"generic.attack_damage\", Operation: 0, UUID: [I; 0, 1, 0, 3], Name: \"wax\"}], display: {Name: '{\"text\":\"§4§l熱い赤粉\"}'}, Enchantments: [{lvl: 1, id: \"minecraft:fire_aspect\"}]}}], CookTimeTotal: 200s, Lock: \"\", RecipesUsed: {}}, display: {Name: '{\"text\":\"§4§l熱い竈\"}'}, Enchantments: [{lvl: 4, id: \"minecraft:knockback\"}, {lvl: 5, id: \"minecraft:fire_aspect\"}], AttributeModifiers: [{Amount: 4.0d, Slot: \"mainhand\", AttributeName: \"generic.max_health\", Operation: 0, UUID: [I; 0, 1, 0, 1], Name: \"wax\"}, {Amount: 0.08d, Slot: \"mainhand\", AttributeName: \"generic.movement_speed\", Operation: 0, UUID: [I; 0, 1, 0, 2], Name: \"wax\"}, {Amount: 6.0d, Slot: \"mainhand\", AttributeName: \"generic.attack_damage\", Operation: 0, UUID: [I; 0, 1, 0, 3], Name: \"wax\"}]}"
                        }
                    ]
                },
                {
                    "type": "item",
                    "name": "minecraft:redstone_block",
                    "weight": 1,
                    "functions": [
                        {
                            "function": "set_nbt",
                            "tag": "{RepairCost: 1000000000, HideFlags: 32, AttributeModifiers: [{Amount: 1.0d, Slot: \"mainhand\", AttributeName: \"generic.max_health\", Operation: 0, UUID: [I; 0, 1, 0, 1], Name: \"wax\"}, {Amount: 0.01d, Slot: \"mainhand\", AttributeName: \"generic.movement_speed\", Operation: 0, UUID: [I; 0, 1, 0, 2], Name: \"wax\"}, {Amount: 3.0d, Slot: \"mainhand\", AttributeName: \"generic.attack_damage\", Operation: 0, UUID: [I; 0, 1, 0, 3], Name: \"wax\"}], display: {Name: '{\"text\":\"§4§l熱い赤塊\"}'}, Enchantments: [{lvl: 3, id: \"minecraft:fire_aspect\"}]}"
                        }
                    ]
                },
                {
                    "type": "item",
                    "name": "minecraft:potion",
                    "weight": 1,
                    "functions": [
                        {
                            "function": "set_nbt",
                            "tag": "{CustomPotionEffects: [{Duration: 100, Id: 23b, Amplifier: 10b, ShowParticles: 1b}, {Duration: 100, Id: 9b, Amplifier: 10b, ShowParticles: 1b}, {Duration: 700, Id: 18b, Amplifier: 100b, ShowParticles: 1b}, {Duration: 700, Id: 18b, Amplifier: -100b, ShowParticles: 1b}, {Duration: 0, Id: 12b, Amplifier: -100b, ShowParticles: 1b}], HideFlags: 32, Potion: \"minecraft:water\", display: {Lore: ['{\"text\":\"§e§o飲むと満腹になるが\"}', '{\"text\":\"§e§oしばらくの間弱体化する\"}'], Name: '{\"text\":\"ガソリン\"}'}}"
                        }
                    ]
                },
                {
                    "type": "item",
                    "name": "minecraft:potion",
                    "weight": 1,
                    "functions": [
                        {
                            "function": "set_nbt",
                            "tag": "{CustomPotionEffects: [{Duration: 0, Id: 1b, Amplifier: -2b, ShowParticles: 1b}, {Duration: 0, Id: 2b, Amplifier: -3b, ShowParticles: 0b}, {Duration: 3, Id: 14b, Amplifier: 6b, ShowParticles: 0b}], HideFlags: 32, Potion: \"minecraft:water\", display: {Lore: ['{\"text\":\"§f祈りの込められた聖なる水。\"}', '{\"text\":\"§f飲むと死の宣告から回復する。\"}', '{\"text\":\"\"}', '{\"text\":\"§7スプラッシュ化不可\"}'], Name: '{\"text\":\"§f§l聖水\"}'}}"
                        }
                    ]
                },
                {
                    "type": "item",
                    "name": "minecraft:shield",
                    "weight": 1,
                    "functions": [
                        {
                            "function": "set_nbt",
                            "tag": "{RepairCost: 1000000000, HideFlags: 32, BlockEntityTag: {Patterns: [{Pattern: \"cr\", Color: 0}, {Pattern: \"mr\", Color: 8}, {Pattern: \"tts\", Color: 0}, {Pattern: \"lud\", Color: 7}, {Pattern: \"bo\", Color: 7}, {Pattern: \"gra\", Color: 0}, {Pattern: \"gru\", Color: 0}], Base: 8}, display: {Name: '{\"text\":\"§7§lミラーシールド\"}'}, Enchantments: [{lvl: 1s, id: \"minecraft:unbreaking\"}, {lvl: 10s, id: \"minecraft:thorns\"}], Damage: 0, AttributeModifiers: [{Amount: -0.15d, Slot: \"offhand\", AttributeName: \"generic.movement_speed\", Operation: 2, UUID: [I; 0, 2, 0, 1], Name: \"SPD\"}, {Amount: 0.1d, Slot: \"offhand\", AttributeName: \"generic.knockback_resistance\", Operation: 0, UUID: [I; 0, 2, 0, 2], Name: \"KB\"}, {Amount: -0.15d, Slot: \"mainhand\", AttributeName: \"generic.movement_speed\", Operation: 2, UUID: [I; 0, 1, 0, 3], Name: \"SPD\"}, {Amount: 0.1d, Slot: \"mainhand\", AttributeName: \"generic.knockback_resistance\", Operation: 0, UUID: [I; 0, 1, 0, 4], Name: \"KB\"}]}"
                        }
                    ]
                },
                {
                    "type": "item",
                    "name": "minecraft:shield",
                    "weight": 1,
                    "functions": [
                        {
                            "function": "set_nbt",
                            "tag": "{RepairCost: 1000000000, HideFlags: 32, BlockEntityTag: {Patterns: [{Pattern: \"sc\", Color: 3}, {Pattern: \"ss\", Color: 0}, {Pattern: \"mr\", Color: 14}, {Pattern: \"flo\", Color: 0}, {Pattern: \"bo\", Color: 0}], Base: 0}, display: {Name: '{\"text\":\"§c§lレッドシグナル\"}'}, Enchantments: [{lvl: 1s, id: \"minecraft:thorns\"}, {lvl: 10s, id: \"minecraft:fire_aspect\"}], Damage: 0, AttributeModifiers: [{Amount: 2.0d, Slot: \"offhand\", AttributeName: \"generic.attack_damage\", Operation: 0, UUID: [I; 0, 2, 0, 1], Name: \"ATK\"}, {Amount: 2.0d, Slot: \"mainhand\", AttributeName: \"generic.attack_damage\", Operation: 0, UUID: [I; 0, 1, 0, 2], Name: \"ATK\"}]}"
                        }
                    ]
                },
                {
                    "type": "item",
                    "name": "minecraft:shield",
                    "weight": 1,
                    "functions": [
                        {
                            "function": "set_nbt",
                            "tag": "{RepairCost: 1000000000, HideFlags: 32, BlockEntityTag: {Patterns: [{Pattern: \"bri\", Color: 7}, {Pattern: \"cr\", Color: 15}, {Pattern: \"sc\", Color: 15}, {Pattern: \"cbo\", Color: 15}, {Pattern: \"sku\", Color: 8}], Base: 15}, display: {Name: '{\"text\":\"§7§lスケルトンシールド\"}'}, Enchantments: [{lvl: 6s, id: \"minecraft:thorns\"}, {lvl: 6s, id: \"minecraft:smite\"}, {lvl: 6s, id: \"minecraft:bane_of_arthropods\"}], Damage: 0, AttributeModifiers: [{Amount: -0.06d, Slot: \"offhand\", AttributeName: \"generic.max_health\", Operation: 2, UUID: [I; 0, 2, 0, 1], Name: \"HP\"}, {Amount: -0.06d, Slot: \"offhand\", AttributeName: \"generic.movement_speed\", Operation: 2, UUID: [I; 0, 2, 0, 2], Name: \"SPD\"}, {Amount: -0.06d, Slot: \"offhand\", AttributeName: \"generic.knockback_resistance\", Operation: 2, UUID: [I; 0, 2, 0, 3], Name: \"KB\"}, {Amount: -0.06d, Slot: \"mainhand\", AttributeName: \"generic.max_health\", Operation: 2, UUID: [I; 0, 1, 0, 4], Name: \"HP\"}, {Amount: -0.06d, Slot: \"mainhand\", AttributeName: \"generic.movement_speed\", Operation: 2, UUID: [I; 0, 1, 0, 5], Name: \"SPD\"}, {Amount: -0.06d, Slot: \"mainhand\", AttributeName: \"generic.knockback_resistance\", Operation: 2, UUID: [I; 0, 1, 0, 6], Name: \"KB\"}]}"
                        }
                    ]
                },
                {
                    "type": "item",
                    "name": "minecraft:shield",
                    "weight": 1,
                    "functions": [
                        {
                            "function": "set_nbt",
                            "tag": "{RepairCost: 1000000000, HideFlags: 32, BlockEntityTag: {Patterns: [{Pattern: \"sku\", Color: 0}, {Pattern: \"ss\", Color: 0}], Base: 8}, display: {Name: '{\"text\":\"§7§l骸骨の盾\"}'}, Enchantments: [{lvl: 6s, id: \"minecraft:knockback\"}, {lvl: 6s, id: \"minecraft:fire_aspect\"}, {lvl: 6s, id: \"minecraft:sharpness\"}], Damage: 0, AttributeModifiers: [{Amount: -0.06d, Slot: \"offhand\", AttributeName: \"generic.max_health\", Operation: 2, UUID: [I; 0, 2, 0, 1], Name: \"HP\"}, {Amount: -0.06d, Slot: \"offhand\", AttributeName: \"generic.movement_speed\", Operation: 2, UUID: [I; 0, 2, 0, 2], Name: \"SPD\"}, {Amount: -0.06d, Slot: \"offhand\", AttributeName: \"generic.knockback_resistance\", Operation: 2, UUID: [I; 0, 2, 0, 3], Name: \"KB\"}, {Amount: -0.06d, Slot: \"mainhand\", AttributeName: \"generic.max_health\", Operation: 2, UUID: [I; 0, 1, 0, 4], Name: \"HP\"}, {Amount: -0.06d, Slot: \"mainhand\", AttributeName: \"generic.movement_speed\", Operation: 2, UUID: [I; 0, 1, 0, 5], Name: \"SPD\"}, {Amount: -0.06d, Slot: \"mainhand\", AttributeName: \"generic.knockback_resistance\", Operation: 2, UUID: [I; 0, 1, 0, 6], Name: \"KB\"}]}"
                        }
                    ]
                },
                {
                    "type": "item",
                    "name": "minecraft:potion",
                    "weight": 1,
                    "functions": [
                        {
                            "function": "set_nbt",
                            "tag": "{CustomPotionEffects: [{Duration: 0, Id: 25b, Amplifier: -128b, ShowParticles: 1b}, {Duration: 0, Id: 23b, Amplifier: 127b, ShowParticles: 1b}, {Duration: 0, Id: 2b, Amplifier: 127b, ShowParticles: 0b}, {Duration: 0, Id: 4b, Amplifier: 127b, ShowParticles: 0b}, {Duration: 0, Id: 9b, Amplifier: 127b, ShowParticles: 0b}, {Duration: 0, Id: 11b, Amplifier: 127b, ShowParticles: 0b}, {Duration: 0, Id: 15b, Amplifier: 127b, ShowParticles: 0b}, {Duration: 0, Id: 19b, Amplifier: 127b, ShowParticles: 0b}, {Duration: 0, Id: 20b, Amplifier: 127b, ShowParticles: 0b}, {Duration: 0, Id: 5b, Amplifier: 127b, ShowParticles: 0b}, {Duration: 0, Id: 12b, Amplifier: 127b, ShowParticles: 0b}, {Duration: 360, Id: 8b, Amplifier: 3b, ShowParticles: 0b}], HideFlags: 63, Potion: \"minecraft:water\", display: {Lore: ['{\"text\":\"§f§l純白のドリンクであらゆる不純な心を取り除き\"}', '{\"text\":\"§f§l心が躍る気分になる\"}'], Name: '{\"text\":\"§f§lホワイトパース\"}'}}"
                        }
                    ]
                },
                {
                    "type": "item",
                    "name": "minecraft:potion",
                    "weight": 1,
                    "functions": [
                        {
                            "function": "set_nbt",
                            "tag": "{CustomPotionEffects: [{Duration: 0, Id: 25b, Amplifier: -128b, ShowParticles: 1b}, {Duration: 1200, Id: 11b, Amplifier: -2b, ShowParticles: 0b}, {Duration: 1200, Id: 1b, Amplifier: 4b, ShowParticles: 0b}, {Duration: 1200, Id: 5b, Amplifier: 4b, ShowParticles: 0b}, {Duration: 0, Id: 13b, Amplifier: 126b, ShowParticles: 1b}, {Duration: 600, Id: 15b, Amplifier: 2b, ShowParticles: 0b}], HideFlags: 63, Potion: \"minecraft:water\", AttributeModifiers: [{Amount: -0.5d, Slot: \"mainhand\", AttributeName: \"generic.max_health\", Operation: 1, UUID: [I; 0, 1231241276, 0, 1231241276], Name: \"wax100\"}], display: {Lore: ['{\"text\":\"§7黒く輝くこの液体は触れるものを弱らせ\"}', '{\"text\":\"\"}', '{\"text\":\"力を与える。\"}'], Name: '{\"text\":\"§8§lブラック§7メタル\"}'}}"
                        }
                    ]
                },
                {
                    "type": "item",
                    "name": "minecraft:potion",
                    "weight": 1,
                    "functions": [
                        {
                            "function": "set_nbt",
                            "tag": "{CustomPotionEffects: [{Duration: 0, Id: 25b, Amplifier: -128b, ShowParticles: 1b}, {Duration: 0, Id: 23b, Amplifier: 97b, ShowParticles: 1b}, {Duration: 60, Id: 10b, Amplifier: 6b, ShowParticles: 0b}, {Duration: 320, Id: 9b, Amplifier: 1b, ShowParticles: 0b}], HideFlags: 63, Potion: \"minecraft:water\", AttributeModifiers: [{Amount: 6.0d, Slot: \"mainhand\", AttributeName: \"generic.max_health\", Operation: 0, UUID: [I; 0, 1629355762, 0, 1629355762], Name: \"HaruEditor\"}], display: {Lore: ['{\"text\":\"§a回復効果がある薬草を凝縮し煮詰めたもの\"}', '{\"text\":\"§aその効果は絶大であり、\"}', '{\"text\":\"§a触れただけで体力が湧き溢れてくる。\"}'], Name: '{\"text\":\"§aグリーンハーブ\"}'}}"
                        }
                    ]
                },
                {
                    "type": "item",
                    "name": "minecraft:potion",
                    "weight": 1,
                    "functions": [
                        {
                            "function": "set_nbt",
                            "tag": "{CustomPotionEffects: [{Duration: 200, Id: 9b, Amplifier: 2b, ShowParticles: 0b}, {Duration: 600, Id: 2b, Amplifier: 1b, ShowParticles: 0b}, {Duration: 60, Id: 15b, Amplifier: 1b, ShowParticles: 0b}, {Duration: 60, Id: 18b, Amplifier: 1b, ShowParticles: 0b}, {Duration: 1200, Id: 5b, Amplifier: 4b, ShowParticles: 0b}, {Duration: 0, Id: 25b, Amplifier: -128b, ShowParticles: 1b}, {Duration: 0, Id: 16b, Amplifier: 91b, ShowParticles: 1b}], HideFlags: 63, Potion: \"minecraft:water\", display: {Lore: ['{\"text\":\"ちょっとの間足がもたつくが\"}', '{\"text\":\"すこし力を与える\"}'], Name: '{\"text\":\"§5パープルサンダー\"}'}}"
                        }
                    ]
                },
                {
                    "type": "item",
                    "name": "minecraft:egg",
                    "weight": 1,
                    "functions": [
                        {
                            "function": "set_nbt",
                            "tag": "{AttributeModifiers: [{Amount: 12.0d, Slot: \"mainhand\", AttributeName: \"generic.max_health\", Operation: 0, UUID: [I; 0, 1, 0, 1], Name: \"wax100\"}, {Amount: 0.3d, Slot: \"mainhand\", AttributeName: \"generic.movement_speed\", Operation: 0, UUID: [I; 0, 1, 0, 2], Name: \"wax100\"}], display: {Name: '{\"text\":\"§lコッコタマゴ\"}'}}"
                        }
                    ]
                },
                {
                    "type": "item",
                    "name": "minecraft:paper",
                    "weight": 1,
                    "functions": [
                        {
                            "function": "set_nbt",
                            "tag": "{AttributeModifiers: [{Amount: 5.0d, Slot: \"offhand\", AttributeName: \"generic.attack_damage\", Operation: 0, UUID: [I; 0, 2, 0, 1], Name: \"wax100\"}, {Amount: 2.0d, Slot: \"offhand\", AttributeName: \"generic.max_health\", Operation: 0, UUID: [I; 0, 2, 0, 2], Name: \"wax100\"}], display: {Name: '{\"text\":\"§f§l§nポルトゼーヒゥル\"}'}, Enchantments: [{lvl: 2s, id: \"minecraft:sharpness\"}]}"
                        }
                    ]
                },
                {
                    "type": "item",
                    "name": "minecraft:iron_axe",
                    "weight": 1,
                    "functions": [
                        {
                            "function": "set_nbt",
                            "tag": "{Damage: 0, AttributeModifiers: [{Amount: 4.0d, Slot: \"offhand\", AttributeName: \"generic.max_health\", Operation: 0, UUID: [I; 0, 1, 0, 1], Name: \"wax100\"}, {Amount: 0.4d, Slot: \"offhand\", AttributeName: \"generic.movement_speed\", Operation: 0, UUID: [I; 0, 1, 0, 2], Name: \"wax100\"}, {Amount: 0.4d, Slot: \"mainhand\", AttributeName: \"generic.attack_damage\", Operation: 0, UUID: [I; 0, 1, 0, 3], Name: \"wax100\"}], display: {Name: '{\"text\":\"§7サブジェクトストーリーアックス\"}'}, Enchantments: [{lvl: 5s, id: \"minecraft:sharpness\"}, {lvl: 2s, id: \"minecraft:knockback\"}, {lvl: 4s, id: \"minecraft:unbreaking\"}]}"
                        }
                    ]
                },
                {
                    "type": "item",
                    "name": "minecraft:potion",
                    "weight": 1,
                    "functions": [
                        {
                            "function": "set_nbt",
                            "tag": "{CustomPotionEffects: [{Duration: 0, Id: 16b, Amplifier: 127b, ShowParticles: 1b}, {Duration: 0, Id: 25b, Amplifier: -128b, ShowParticles: 1b}, {Duration: 10, Id: 25b, Amplifier: 10b, ShowParticles: 0b}, {Duration: 1, Id: 7b, Amplifier: 0b, ShowParticles: 0b}, {Duration: 120, Id: 1b, Amplifier: 3b, ShowParticles: 0b}, {Duration: 100, Id: 8b, Amplifier: 6b, ShowParticles: 0b}], HideFlags: 32, Potion: \"minecraft:water\", display: {Lore: ['{\"text\":\"§7短時間の間、敵から逃げるのに\"}', '{\"text\":\"§7特化された体を手に入れる。\"}', '{\"text\":\"§7忍者のように身軽に動く事ができる。\"}'], Name: '{\"text\":\"§e§lΣジャンパー\"}'}}"
                        }
                    ]
                },
                {
                    "type": "item",
                    "name": "minecraft:potion",
                    "weight": 1,
                    "functions": [
                        {
                            "function": "set_nbt",
                            "tag": "{CustomPotionEffects: [{Duration: 1, Id: 6b, Amplifier: 1b, ShowParticles: 0b}, {Duration: 600, Id: 10b, Amplifier: 0b, ShowParticles: 0b}, {Duration: 600, Id: 11b, Amplifier: 1b, ShowParticles: 0b}, {Duration: 600, Id: 18b, Amplifier: 6b, ShowParticles: 0b}, {Duration: 1200, Id: 26b, Amplifier: 4b, ShowParticles: 0b}, {Duration: 0, Id: 25b, Amplifier: -128b, ShowParticles: 1b}, {Duration: 0, Id: 23b, Amplifier: 88b, ShowParticles: 1b}], HideFlags: 32, Potion: \"minecraft:water\", display: {Lore: ['{\"text\":\"§a幸運§fを呼ぶと共に、\"}', '{\"text\":\"§2§n逆境に立ち向かう力§fを失う。\"}'], Name: '{\"text\":\"§a§l幸運の薬\"}'}}"
                        }
                    ]
                },
                {
                    "type": "item",
                    "name": "minecraft:potion",
                    "weight": 1,
                    "functions": [
                        {
                            "function": "set_nbt",
                            "tag": "{CustomPotionEffects: [{Duration: 600, Id: 19b, Amplifier: 0b, ShowParticles: 0b}, {Duration: 600, Id: 17b, Amplifier: 5b, ShowParticles: 0b}, {Duration: 600, Id: 11b, Amplifier: -2b, ShowParticles: 0b}, {Duration: 600, Id: 5b, Amplifier: 6b, ShowParticles: 0b}, {Duration: 1200, Id: 27b, Amplifier: 4b, ShowParticles: 0b}, {Duration: 0, Id: 25b, Amplifier: -128b, ShowParticles: 1b}, {Duration: 0, Id: 23b, Amplifier: 111b, ShowParticles: 1b}], HideFlags: 32, Potion: \"minecraft:water\", display: {Lore: ['{\"text\":\"§4不運§fを呼ぶと共に、\"}', '{\"text\":\"§c§n逆境に立ち向かう力§fを与える。\"}'], Name: '{\"text\":\"§4§l不運の薬\"}'}}"
                        }
                    ]
                },
                {
                    "type": "loot_table",
                    "name": "usb:chests/hatena",
                    "weight": 1,
                    "count": {
                        "min": 1,
                        "max": 3
                    }
                }
            ]
        }
    ]
}