{
    "type": "minecraft:fishing",
    "pools": [
      {
        "rolls": 1,
        "total_weight": 43,
        "entries": [
            {
                "type": "item",
                "name": "minecraft:phantom_membrane",
                "weight": 3,
                "functions": [
                    {
                        "function": "minecraft:set_count",
                        "count": {
                            "min": 1,
                            "max": 2
                        }
                    }
                ]
            },
            {
                "type": "item",
                "name": "minecraft:shulker_shell",
                "weight": 5,
                "functions": [
                    {
                        "function": "minecraft:set_count",
                        "count": {
                            "min": 1,
                            "max": 2
                        }
                    }
                ]
            },
            {
                "type": "item",
                "name": "minecraft:nautilus_shell",
                "weight": 3,
                "functions": [
                    {
                        "function": "minecraft:set_count",
                        "count": {
                            "min": 1,
                            "max": 2
                        }
                    }
                ]
            },
            {
                "type": "item",
                "name": "minecraft:glow_ink_sac",
                "weight": 3,
                "functions": [
                    {
                        "function": "minecraft:set_count",
                        "count": {
                            "min": 2,
                            "max": 4
                        }
                    }
                ]
            },
            {
                "type": "item",
                "name": "minecraft:heart_of_the_sea",
                "weight": 1
            },
            {
                "type": "item",
                "name": "minecraft:scute",
                "weight": 3
            },
            {
                "type": "item",
                "name": "minecraft:amethyst_shard",
                "weight": 3,
                "functions": [
                    {
                        "function": "minecraft:set_count",
                        "count": {
                            "min": 4,
                            "max": 8
                        }
                    }
                ]
            },
            {
                "type": "item",
                "name": "minecraft:ender_pearl",
                "weight": 4,
                "functions": [
                    {
                        "function": "minecraft:set_count",
                        "count": {
                            "min": 2,
                            "max": 4
                        }
                    }
                ]
            },
            {
                "type": "item",
                "name": "minecraft:ender_eye",
                "weight": 4,
                "functions": [
                    {
                        "function": "minecraft:set_count",
                        "count": {
                            "min": 1,
                            "max": 2
                        }
                    }
                ]
            },
            {
                "type": "item",
                "name": "minecraft:wither_rose",
                "weight": 2,
                "functions": [
                    {
                        "function": "minecraft:set_count",
                        "count": {
                            "min": 2,
                            "max": 4
                        }
                    }
                ]
            },
            {
                "type": "item",
                "name": "minecraft:dragon_breath",
                "weight": 3
            },
            {
                "type": "item",
                "name": "minecraft:diamond_horse_armor",
                "weight": 3
            },
            {
                "type": "item",
                "name": "minecraft:golden_horse_armor",
                "weight": 3
            },
            {
                "type": "item",
                "name": "minecraft:iron_horse_armor",
                "weight": 3
            }
        ]
      }
    ]
  }
  