{
    "type": "minecraft:fishing",
    "pools": [
      {
        "rolls": 1,
        "entries": [
          {
            "type": "minecraft:loot_table",
            "//" : "weightはそのloottableのweight総数を入れる",
            "weight": 50,
            "name": "usb:gameplay/fishing/default/tool",
            "conditions": [
              {
                "condition": "minecraft:value_check",
                "value": {
                  "type": "minecraft:score",
                  "target": {
                    "type": "minecraft:fixed",
                    "name": "_"
                  },
                  "score": "ConquerIsland",
                  "scale": 1
                },
                "range": {
                  "min": 0
                }
              }
            ]
          },
          {
            "type": "minecraft:loot_table",
            "weight": 50,
            "name": "usb:gameplay/fishing/conquer_10/tool",
            "conditions": [
              {
                "condition": "minecraft:value_check",
                "value": {
                  "type": "minecraft:score",
                  "target": {
                    "type": "minecraft:fixed",
                    "name": "_"
                  },
                  "score": "ConquerIsland",
                  "scale": 1
                },
                "range": {
                  "min": 10
                }
              }
            ]
          },
          {
            "type": "minecraft:loot_table",
            "weight": 25,
            "name": "usb:gameplay/fishing/conquer_20/tool",
            "conditions": [
              {
                "condition": "minecraft:value_check",
                "value": {
                  "type": "minecraft:score",
                  "target": {
                    "type": "minecraft:fixed",
                    "name": "_"
                  },
                  "score": "ConquerIsland",
                  "scale": 1
                },
                "range": {
                  "min": 20
                }
              }
            ]
          },
          {
            "type": "minecraft:loot_table",
            "weight": 25,
            "name": "usb:gameplay/fishing/conquer_30/tool",
            "conditions": [
              {
                "condition": "minecraft:value_check",
                "value": {
                  "type": "minecraft:score",
                  "target": {
                    "type": "minecraft:fixed",
                    "name": "_"
                  },
                  "score": "ConquerIsland",
                  "scale": 1
                },
                "range": {
                  "min": 30
                }
              }
            ]
          }
        ]
      }
    ]
  }
