﻿{    "pools": [        {            "rolls": 1,            "entries": [                {                    "type": "item",                    "name": "minecraft:emerald",                    "weight": 1,                    "functions": [                        {                            "function": "minecraft:set_count",                            "count": {                                "min":1,                                "max":3                            }                        }                    ]                }            ]        },        {            "rolls": 1,            "entries": [                {                    "type": "item",                    "name": "minecraft:emerald_block",                    "weight": 1,                    "functions": [                        {                            "function": "minecraft:set_count",                            "count": {                                "min": 0,                                "max": 0                            }                        }                    ]                }            ]        },        {            "rolls": 1,            "entries": [                {                    "type": "loot_table",                    "name": "usb:entities/table/mobs",                    "weight": 1                }            ]        }    ]}