﻿{    "pools": [        {            "rolls": 1,            "entries": [                {                    "type": "loot_table",                    "name": "minecraft:entities/zombie",                    "weight": 10                },                {                    "type": "loot_table",                    "name": "minecraft:entities/skeleton",                    "weight": 10                },                {                    "type": "loot_table",                    "name": "minecraft:entities/creeper",                    "weight": 10                },                {                    "type": "loot_table",                    "name": "minecraft:entities/spider",                    "weight": 10                },                {                    "type": "loot_table",                    "name": "minecraft:entities/blaze",                    "weight": 2                },                {                    "type": "loot_table",                    "name": "minecraft:entities/witch",                    "weight": 2                },                {                    "type": "loot_table",                    "name": "minecraft:entities/guardian",                    "weight": 2                },                {                    "type": "item",                    "name": "minecraft:slime_ball",                    "weight": 2                },                {                    "type": "item",                    "name": "minecraft:magma_cream",                    "weight": 2                }            ]        }    ]}