﻿{
    "pools": [
        {
            "rolls": 1,
            "entries": [
                {
                    "type": "item",
                    "name": "minecraft:cobblestone",
                    "weight": 5
                },
                {
                    "type": "item",
                    "name": "minecraft:stone_bricks",
                    "weight": 5
                },
                {
                    "type": "item",
                    "name": "minecraft:grass",
                    "weight": 5
                },
                {
                    "type": "item",
                    "name": "minecraft:podzol",
                    "weight": 5
                },
                {
                    "type": "item",
                    "name": "minecraft:gravel",
                    "weight": 5
                },
                {
                    "type": "item",
                    "name": "minecraft:netherrack",
                    "weight": 5
                },
                {
                    "type": "item",
                    "name": "minecraft:soul_sand",
                    "weight": 5
                },
                {
                    "type": "item",
                    "name": "minecraft:bookshelf",
                    "weight": 5
                },
                {
                    "type": "item",
                    "name": "minecraft:glowstone",
                    "weight": 5
                },
                {
                    "type": "item",
                    "name": "minecraft:coal_ore",
                    "weight": 5
                },
                {
                    "type": "item",
                    "name": "minecraft:gold_ore",
                    "weight": 5
                },
                {
                    "type": "item",
                    "name": "minecraft:iron_ore",
                    "weight": 5
                },
                {
                    "type": "item",
                    "name": "minecraft:lapis_ore",
                    "weight": 5
                },
                {
                    "type": "item",
                    "name": "minecraft:redstone_ore",
                    "weight": 5
                },
                {
                    "type": "item",
                    "name": "minecraft:diamond_ore",
                    "weight": 5
                },
                {
                    "type": "item",
                    "name": "minecraft:emerald_ore",
                    "weight": 5
                },
                {
                    "type": "item",
                    "name": "minecraft:jukebox",
                    "weight": 5
                },
                {
                    "type": "item",
                    "name": "minecraft:jack_o_lantern",
                    "weight": 5
                },
                {
                    "type": "item",
                    "name": "minecraft:packed_ice",
                    "weight": 5
                },
                {
                    "type": "item",
                    "name": "minecraft:clay",
                    "weight": 5
                },
                {
                    "type": "item",
                    "name": "minecraft:sandstone",
                    "weight": 5
                },
                {
                    "type": "item",
                    "name": "minecraft:end_stone",
                    "weight": 5
                },
                {
                    "type": "item",
                    "name": "minecraft:glass",
                    "weight": 5
                },
                {
                    "type": "item",
                    "name": "minecraft:chorus_fruit",
                    "weight": 5
                },
                {
                    "type": "item",
                    "name": "minecraft:popped_chorus_fruit",
                    "weight": 5
                },
                {
                    "type": "item",
                    "name": "minecraft:chorus_flower",
                    "weight": 5
                },
                {
                    "type": "item",
                    "name": "minecraft:jungle_leaves",
                    "weight": 5
                },
                {
                    "type": "item",
                    "name": "minecraft:damaged_anvil",
                    "weight": 5
                },
                {
                    "type": "item",
                    "name": "minecraft:ender_pearl",
                    "weight": 5
                },
                {
                    "type": "item",
                    "name": "minecraft:ender_eye",
                    "weight": 5
                },
                {
                    "type": "item",
                    "name": "minecraft:experience_bottle",
                    "weight": 5
                },
                {
                    "type": "item",
                    "name": "minecraft:dragon_breath",
                    "weight": 5
                },
                {
                    "type": "item",
                    "name": "minecraft:potion",
                    "weight": 5,
                    "functions": [
                        {
                            "function": "minecraft:set_nbt",
                            "tag": "{CustomPotionEffects:[{ShowParticles:1b,Duration:0,Id:26b,Amplifier:0b},{ShowParticles:0b,Duration:3,Id:14b,Amplifier:2b}],HideFlags:32,Potion:\"minecraft:water\",display:{Lore:['{\"text\":\"§aマナがぽちょっと詰まった飲み物。\"}','{\"text\":\"§a飲むとMPが大きく回復する。\"}','\"\"','{\"text\":\"§7スプラッシュ化不可\"}'],Name:'{\"text\":\"§2§lハイエーテル\"}'}}"
                        }
                    ]
                },
                {
                    "type": "item",
                    "name": "minecraft:lingering_potion",
                    "weight": 5,
                    "functions": [
                        {
                            "function": "minecraft:set_nbt",
                            "tag": "{CustomPotionEffects:[{ShowParticles:1b,Duration:0,Id:19b,Amplifier:0b},{ShowParticles:0b,Duration:3,Id:14b,Amplifier:1b}],HideFlags:32,Potion:\"minecraft:water\",display:{Lore:['{\"text\":\"§bマナがちょぴっと詰まった瓶。\"}','{\"text\":\"§b中身に触れるとMPが回復する。\"}'],Name:'{\"text\":\"§3§lエリアエーテル\"}'}}"
                        }
                    ]
                },
                {
                    "type": "item",
                    "name": "minecraft:potion",
                    "weight": 5,
                    "functions": [
                        {
                            "function": "minecraft:set_nbt",
                            "tag": "{CustomPotionEffects:[{ShowParticles:1b,Duration:0,Id:5,Amplifier:0b},{ShowParticles:0b,Duration:3,Id:14,Amplifier:4b}],HideFlags:32,display:{Lore:['{\"text\":\"§dマナから作られた霊薬。\"}','{\"text\":\"§d飲むとHPとMPが半分回復する。\"}','\"\"','{\"text\":\"§7スプラッシュ化不可\"}'],Name:'{\"text\":\"§5§lエリクサー\"}'}}"
                        }
                    ]
                },
                {
                    "type": "item",
                    "name": "minecraft:powered_rail",
                    "weight": 5
                },
                {
                    "type": "item",
                    "name": "minecraft:rail",
                    "weight": 5
                },
                {
                    "type": "item",
                    "name": "minecraft:detector_rail",
                    "weight": 5
                },
                {
                    "type": "item",
                    "name": "minecraft:activator_rail",
                    "weight": 5
                },
                {
                    "type": "item",
                    "name": "minecraft:diamond_horse_armor",
                    "weight": 5
                },
                {
                    "type": "item",
                    "name": "minecraft:golden_horse_armor",
                    "weight": 5
                },
                {
                    "type": "item",
                    "name": "minecraft:iron_horse_armor",
                    "weight": 5
                },
                {
                    "type": "item",
                    "name": "minecraft:tipped_arrow",
                    "weight": 3,
                    "functions": [
                        {
                            "function": "minecraft:set_nbt",
                            "tag": "{CustomPotionEffects: [{Duration: 0, Id: 25b, Amplifier: -128b, ShowParticles: 1b}, {Duration: 0, Id: 13b, Amplifier: 29b, ShowParticles: 1b}, {Duration: 0, Id: 5b, Amplifier: 127b, ShowParticles: 0b}, {Duration: 600, Id: 18b, Amplifier: 2b, ShowParticles: 0b}], HideFlags: 32, Potion: \"minecraft:water\", display: {Lore: ['{\"text\":\"§7刺さった者の力を消滅させた後、弱らせる。\"}'], Name: '{\"text\":\"§c§lレッドプリズム\"}'}}"
                        },
                        {
                            "function": "set_count",
                            "count": {
                                "min": 1,
                                "max": 32
                            }
                        }
                    ]
                },
                {
                    "type": "item",
                    "name": "minecraft:tipped_arrow",
                    "weight": 3,
                    "functions": [
                        {
                            "function": "minecraft:set_nbt",
                            "tag": "{CustomPotionEffects: [{Duration: 0, Id: 25b, Amplifier: -128b, ShowParticles: 1b}, {Duration: 0, Id: 27b, Amplifier: 127b, ShowParticles: 1b}, {Duration: 0, Id: 12b, Amplifier: 127b, ShowParticles: 0b}, {Duration: 100, Id: 11b, Amplifier: -2b, ShowParticles: 0b}], HideFlags: 32, Potion: \"minecraft:water\", display: {Lore: ['{\"text\":\"§7刺さった者の火への耐性を消滅させた後、柔らかくする。\"}'], Name: '{\"text\":\"§6§lオレンジプリズム\"}'}}"
                        },
                        {
                            "function": "set_count",
                            "count": {
                                "min": 1,
                                "max": 32
                            }
                        }
                    ]
                },
                {
                    "type": "item",
                    "name": "minecraft:tipped_arrow",
                    "weight": 3,
                    "functions": [
                        {
                            "function": "minecraft:set_nbt",
                            "tag": "{CustomPotionEffects: [{Duration: 0, Id: 25b, Amplifier: -128b, ShowParticles: 1b}, {Duration: 0, Id: 13b, Amplifier: 127b, ShowParticles: 1b}, {Duration: 0, Id: 10b, Amplifier: 127b, ShowParticles: 0b}, {Duration: 600, Id: 19b, Amplifier: 2b, ShowParticles: 0b}], HideFlags: 32, Potion: \"minecraft:water\", display: {Lore: ['{\"text\":\"§7刺さった者の再生能力を消滅させた後、毒を与える。\"}'], Name: '{\"text\":\"§e§lイエロープリズム\"}'}}"
                        },
                        {
                            "function": "set_count",
                            "count": {
                                "min": 1,
                                "max": 32
                            }
                        }
                    ]
                },
                {
                    "type": "item",
                    "name": "minecraft:tipped_arrow",
                    "weight": 3,
                    "functions": [
                        {
                            "function": "minecraft:set_nbt",
                            "tag": "{CustomPotionEffects: [{Duration: 0, Id: 25b, Amplifier: -128b, ShowParticles: 1b}, {Duration: 0, Id: 13b, Amplifier: 113b, ShowParticles: 1b}, {Duration: 0, Id: 8b, Amplifier: 127b, ShowParticles: 0b}, {Duration: 1200, Id: 24b, Amplifier: 1b, ShowParticles: 0b}], HideFlags: 32, Potion: \"minecraft:water\", display: {Lore: ['{\"text\":\"§7刺さった者の脚力を並にした後、発光させる。\"}'], Name: '{\"text\":\"§a§lグリーンプリズム\"}'}}"
                        },
                        {
                            "function": "set_count",
                            "count": {
                                "min": 1,
                                "max": 32
                            }
                        }
                    ]
                },
                {
                    "type": "item",
                    "name": "minecraft:tipped_arrow",
                    "weight": 3,
                    "functions": [
                        {
                            "function": "minecraft:set_nbt",
                            "tag": "{CustomPotionEffects: [{Duration: 0, Id: 25b, Amplifier: -128b, ShowParticles: 1b}, {Duration: 0, Id: 23b, Amplifier: 87b, ShowParticles: 1b}, {Duration: 0, Id: 1b, Amplifier: 127b, ShowParticles: 0b}, {Duration: 600, Id: 2b, Amplifier: 2b, ShowParticles: 0b}], HideFlags: 32, Potion: \"minecraft:water\", display: {Lore: ['{\"text\":\"§7刺さった者の移動力を並にした後、鈍足にする。\"}'], Name: '{\"text\":\"§b§lシアンプリズム\"}'}}"
                        },
                        {
                            "function": "set_count",
                            "count": {
                                "min": 1,
                                "max": 32
                            }
                        }
                    ]
                },
                {
                    "type": "item",
                    "name": "minecraft:tipped_arrow",
                    "weight": 3,
                    "functions": [
                        {
                            "function": "minecraft:set_nbt",
                            "tag": "{CustomPotionEffects: [{Duration: 0, Id: 25b, Amplifier: -128b, ShowParticles: 1b}, {Duration: 0, Id: 13b, Amplifier: 118b, ShowParticles: 1b}, {Duration: 0, Id: 25b, Amplifier: 127b, ShowParticles: 0b}, {Duration: 200, Id: 8b, Amplifier: -2b, ShowParticles: 0b}], HideFlags: 32, Potion: \"minecraft:water\", display: {Lore: ['{\"text\":\"§7刺さった者の浮遊を解いた後、足を脆くする。\"}'], Name: '{\"text\":\"§9§lブループリズム\"}'}}"
                        },
                        {
                            "function": "set_count",
                            "count": {
                                "min": 1,
                                "max": 32
                            }
                        }
                    ]
                },
                {
                    "type": "item",
                    "name": "minecraft:tipped_arrow",
                    "weight": 3,
                    "functions": [
                        {
                            "function": "minecraft:set_nbt",
                            "tag": "{CustomPotionEffects:[{ShowParticles:1b,Duration:0,Id:25b,Amplifier:-128b},{ShowParticles:1b,Duration:0,Id:13b,Amplifier:111b},{Id:11b,Amplifier:-2b,Duration:60,ShowParticles:0b},{Id:20b,Amplifier:2b,Duration:60,ShowParticles:0b}],HideFlags:32,Potion: \"minecraft:water\",display:{Lore:['{\"text\":\"§7刺さった者の防御力を下げた後、呪う。\"}'],Name:'{\"text\":\"§d§lバイオレットプリズム\"}'}}"
                        },
                        {
                            "function": "set_count",
                            "count": {
                                "min": 1,
                                "max": 32
                            }
                        }
                    ]
                },
                {
                    "type": "item",
                    "name": "minecraft:music_disc_13",
                    "weight": 1
                },
                {
                    "type": "item",
                    "name": "minecraft:music_disc_cat",
                    "weight": 1
                },
                {
                    "type": "item",
                    "name": "minecraft:music_disc_blocks",
                    "weight": 1
                },
                {
                    "type": "item",
                    "name": "minecraft:music_disc_chirp",
                    "weight": 1
                },
                {
                    "type": "item",
                    "name": "minecraft:music_disc_far",
                    "weight": 1
                },
                {
                    "type": "item",
                    "name": "minecraft:music_disc_mall",
                    "weight": 1
                },
                {
                    "type": "item",
                    "name": "minecraft:music_disc_mellohi",
                    "weight": 1
                },
                {
                    "type": "item",
                    "name": "minecraft:music_disc_stal",
                    "weight": 1
                },
                {
                    "type": "item",
                    "name": "minecraft:music_disc_strad",
                    "weight": 1
                },
                {
                    "type": "item",
                    "name": "minecraft:music_disc_ward",
                    "weight": 1
                },
                {
                    "type": "item",
                    "name": "minecraft:music_disc_11",
                    "weight": 1
                },
                {
                    "type": "item",
                    "name": "minecraft:music_disc_wait",
                    "weight": 1
                },
                {
                    "type": "item",
                    "name": "minecraft:golden_axe",
                    "weight": 2,
                    "functions": [
                        {
                            "function": "set_nbt",
                            "tag": "{AttributeModifiers:[{Name:\"wax\",UUID:[I;0,2,0,1],Amount:-0.025d,Operation:2,Slot:\"offhand\",AttributeName:\"generic.max_health\"},{Name:\"wax\",Amount:-1d,Operation:0,UUID:[I;0,2,0,2],Slot:\"offhand\",AttributeName:\"generic.knockback_resistance\"},{Name:\"wax\",UUID:[I;0,2,0,3],Amount:2d,Operation:0,Slot:\"offhand\",AttributeName:\"generic.attack_damage\"},{Name:\"wax\",UUID:[I;0,2,0,4],Amount:-0.01d,Operation:0,Slot:\"offhand\",AttributeName:\"generic.movement_speed\"},{Name:\"wax\",UUID:[I;0,2,0,5],Amount:-4d,Operation:0,Slot:\"offhand\",AttributeName:\"generic.attack_speed\"}],RepairCost:1000000000,Enchantments:[{id:\"minecraft:fortune\",lvl:3s},{id:\"minecraft:knockback\",lvl:1s},{id:\"minecraft:looting\",lvl:2s},{id:\"minecraft:efficiency\",lvl:2s}],HideFlags:2,display:{Lore:['{\"text\":\"§6§lとある泉の中から\"}','{\"text\":\"§6§l現れた女神から貰ったと言われている\"}','{\"text\":\"§6§l不思議な斧\"}','{\"text\":\"§6§l左利き用に作られている。\"}'],Name:'{\"text\":\"§6§l泉から出てきた斧\"}'}}"
                        }
                    ]
                },
                {
                    "type": "item",
                    "name": "minecraft:iron_axe",
                    "weight": 2,
                    "functions": [
                        {
                            "function": "set_nbt",
                            "tag": "{AttributeModifiers:[{Name:\"wax\",UUID:[I;0,1,0,1],Amount:4d,Operation:0,Slot:\"mainhand\",AttributeName:\"generic.max_health\"},{Name:\"wax\",UUID:[I;0,1,0,2],Amount:0.01d,Operation:0,Slot:\"mainhand\",AttributeName:\"generic.knockback_resistance\"},{Name:\"wax\",UUID:[I;0,1,0,3],Amount:2d,Operation:0,Slot:\"mainhand\",AttributeName:\"generic.armor\"},{Name:\"wax\",UUID:[I;0,1,0,4],Amount:-4d,Operation:0,Slot:\"mainhand\",AttributeName:\"generic.attack_speed\"}],RepairCost:1000000000,Enchantments:[{id:\"minecraft:sharpness\",lvl:4s},{id:\"minecraft:bane_of_arthropods\",lvl:2s},{id:\"minecraft:efficiency\",lvl:2s},{id:\"minecraft:looting\",lvl:1s}],HideFlags:2,display:{Lore:['{\"text\":\"§7§lとある泉の中から\"}','{\"text\":\"§7§l現れた女神から貰ったと言われている\"}','{\"text\":\"§7§l不思議な斧\"}','{\"text\":\"§7§l右利き用に作られている。\"}'],Name:'{\"text\":\"§f§l泉から出てきた斧\"}'}}"
                        }
                    ]
                },
                {
                    "type": "item",
                    "name": "minecraft:stone_axe",
                    "weight": 2,
                    "functions": [
                        {
                            "function": "minecraft:set_damage",
                            "damage": 0.2
                        },
                        {
                            "function": "set_nbt",
                            "tag": "{AttributeModifiers:[{Name:\"wax\",Amount:8d,Operation:0,UUID:[I;0,2,0,1],Slot:\"offhand\",AttributeName:\"generic.max_health\"},{Name:\"wax\",UUID:[I;0,2,0,2],Amount:0.01d,Operation:0,Slot:\"offhand\",AttributeName:\"generic.movement_speed\"},{Name:\"wax\",UUID:[I;0,1,0,3],Amount:0.08d,Operation:0,Slot:\"mainhand\",AttributeName:\"generic.movement_speed\"},{Name:\"wax\",UUID:[I;0,1,0,4],Amount:-4d,Operation:0,Slot:\"mainhand\",AttributeName:\"generic.attack_speed\"},{Name:\"wax\",UUID:[I;0,2,0,5],Amount:6d,Operation:0,Slot:\"offhand\",AttributeName:\"generic.attack_damage\"}],RepairCost:1000000000,Enchantments:[{id:\"minecraft:sharpness\",lvl:5s},{id:\"minecraft:smite\",lvl:2s},{id:\"minecraft:knockback\",lvl:1s},{id:\"minecraft:fire_aspect\",lvl:1s},{id:\"minecraft:efficiency\",lvl:5s}],HideFlags:3,display:{Lore:['{\"text\":\"§8§lとある若者が泉に落とした\"}','{\"text\":\"§8§l不思議な斧\"}','{\"text\":\"§8§lボロボロで使い物にならなさそうだ。\"}'],Name:'{\"text\":\"§8§l泉に落ちた斧\"}'}}"
                        }
                    ]
                },
                {
                    "type": "item",
                    "name": "minecraft:end_crystal",
                    "weight": 1,
                    "functions": [
                        {
                            "function": "set_count",
                            "count": 1
                        },
                        {
                            "function": "set_nbt",
                            "tag": "{AttributeModifiers:[{Name:\"wax100\",Amount:2d,Operation:0,UUID:[I;0,1,0,1],Slot:\"mainhand\",AttributeName:\"generic.max_health\"},{Name:\"wax100\",Amount:2d,Operation:0,UUID:[I;0,2,0,1],Slot:\"offhand\",AttributeName:\"generic.movement_speed\"}],HideFlags:60,display:{Name:'{\"text\":\"§e§lエストレーヤ\"}'}}"
                        }
                    ]
                },
                {
                    "type": "item",
                    "name": "minecraft:potion",
                    "weight": 1,
                    "functions": [
                        {
                            "function": "set_nbt",
                            "tag": "{CustomPotionEffects:[{Amplifier:-127b,Duration:0,Id:25},{Amplifier:104b,Duration:0,Id:27},{Amplifier:0b,Duration:120,Id:16,ShowParticles:0b},{Amplifier:0b,Duration:1200,Id:10,ShowParticles:0b},{Amplifier:2b,Duration:60,Id:6,ShowParticles:0b},{Amplifier:2b,Duration:1200,Id:22,ShowParticles:0b},{Amplifier:2b,Duration:1200,Id:26,ShowParticles:0b},{Amplifier:0b,Duration:120,Id:9,ShowParticles:0b}],display:{Lore:['{\"text\":\"§3泡立つしゅわっとした液体に\"}','{\"text\":\"§3神秘の輝きを放つ\"}','{\"text\":\"§3六角形の何かが§a§l１§3つ入っている。\"}','{\"text\":\"§360秒間の間、使用者の運を\"}','{\"text\":\"§e§lちょっぴり§3上昇させ傷を癒す。\"}'],Name:'{\"text\":\"§r§e§k-§a§lハニカム §3§l-§b§lO§3§l- §a§lライト§e§k-§r\"}'},Enchantments:[{id:\"minecraft:smite\",lvl:3s}],HideFlags:33}"
                        }
                    ]
                },
                {
                    "type": "item",
                    "name": "minecraft:potion",
                    "weight": 1,
                    "functions": [
                        {
                            "function": "set_nbt",
                            "tag": "{CustomPotionEffects:[{Amplifier:-127b,Duration:0,Id:25},{Amplifier:105b,Duration:0,Id:27},{Amplifier:0b,Duration:120,Id:16,ShowParticles:0b},{Amplifier:0b,Duration:1200,Id:10,ShowParticles:0b},{Amplifier:3b,Duration:60,Id:6,ShowParticles:0b},{Amplifier:3b,Duration:1200,Id:22,ShowParticles:0b},{Amplifier:4b,Duration:1200,Id:26,ShowParticles:0b},{Amplifier:0b,Duration:120,Id:9,ShowParticles:0b}],display:{Lore:['{\"text\":\"§3泡立つしゅわっとした液体に\"}','{\"text\":\"§3神秘の輝きを放つ\"}','{\"text\":\"§3六角形の何かが§a§l２§3つ入っている。\"}','{\"text\":\"§360秒間の間、使用者の運を\"}','{\"text\":\"§e§l程々に§3上昇させ傷を癒す。\"}'],Name:'{\"text\":\"§r§e§k-§a§lハニカム §3§l-§b§lW§3§l- §a§lスタンダード§e§k-§r\"}'},Enchantments:[{id:\"minecraft:smite\",lvl:5s}],HideFlags:33}"
                        }
                    ]
                },
                {
                    "type": "item",
                    "name": "minecraft:potion",
                    "weight": 1,
                    "functions": [
                        {
                            "function": "set_nbt",
                            "tag": "{CustomPotionEffects:[{Amplifier:-127b,Duration:0,Id:25},{Amplifier:106b,Duration:0,Id:27},{Amplifier:0b,Duration:120,Id:16,ShowParticles:0b},{Amplifier:0b,Duration:1200,Id:10,ShowParticles:0b},{Amplifier:4b,Duration:60,Id:6,ShowParticles:0b},{Amplifier:4b,Duration:1200,Id:22,ShowParticles:0b},{Amplifier:6b,Duration:1200,Id:26,ShowParticles:0b},{Amplifier:0b,Duration:120,Id:9,ShowParticles:0b}],display:{Lore:['{\"text\":\"§3泡立つしゅわっとした液体に\"}','{\"text\":\"§3神秘の輝きを放つ\"}','{\"text\":\"§3六角形の何かが§a§l３§3つ入っている。\"}','{\"text\":\"§360秒間の間、使用者の運を\"}','{\"text\":\"§e§l大きく§3上昇させ傷を癒す。\"}'],Name:'{\"text\":\"§r§e§k-§a§lハニカム §3§l-§b§lT§3§l- §a§l７７７§e§k-§r\"}'},Enchantments:[{id:\"minecraft:smite\",lvl:7s}],HideFlags:33}"
                        }
                    ]
                },
                {
                    "type": "item",
                    "name": "minecraft:paper",
                    "weight": 2,
                    "functions": [
                        {
                            "function": "set_nbt",
                            "tag": "{Enchantments:[],HideFlags:3,display:{Lore:['{\"text\":\"§r§e本と交換できるチケット。§r\"}','{\"text\":\"§r§e防水加工が施されている。§r\"}'],Name:'{\"text\":\"§r§a§l§n図書券§r\"}'},AttributeModifiers:[{UUID:[I;0,1,0,1],Amount:0.01d,Slot:\"mainhand\",AttributeName:\"generic.luck\",Operation:2,Name:\"anmin\"},{UUID:[I;0,2,0,2],Amount:0.01d,Slot:\"offhand\",AttributeName:\"generic.luck\",Operation:2,Name:\"anmin\"}]}"
                        }
                    ]
                },
                {
                    "type": "item",
                    "name": "minecraft:potion",
                    "weight": 1,
                    "functions": [
                        {
                            "function": "set_nbt",
                            "tag": "{CustomPotionEffects:[{ShowParticles:1b,Duration:0,Id:25,Amplifier:-128b},{ShowParticles:1b,Duration:0,Id:16,Amplifier:93b},{ShowParticles:0b,Duration:1200,Id:18,Amplifier:20b},{ShowParticles:0b,Duration:1200,Id:3,Amplifier:4b}],HideFlags:32,display:{Lore:['{\"text\":\"§6鉱夫が§9§l精魂§6を込めて作ったドリンク。\"}','{\"text\":\"§e§n早い採掘§6が可能になるが、\"}','{\"text\":\"§d力が入らなく§6なってしまう。\"}'],Name:'{\"text\":\"§6§lマインソウル\"}'}}"
                        }
                    ]
                },
                {
                    "type": "item",
                    "name": "minecraft:potion",
                    "weight": 1,
                    "functions": [
                        {
                            "function": "set_nbt",
                            "tag": "{CustomPotionEffects:[{ShowParticles:1b,Duration:0,Id:25,Amplifier:-128b},{ShowParticles:1b,Duration:0,Id:13,Amplifier:119b},{ShowParticles:0b,Duration:1800,Id:21,Amplifier:0b},{ShowParticles:0b,Duration:1800,Id:22,Amplifier:9b}],HideFlags:32,display:{Lore:['{\"text\":\"§9脳に働きかけ、\"}','{\"text\":\"§d自分の体力§9を§3§l錯覚§9させる雫。\"}','{\"text\":\"§1§mうそつきは耐久型のはじまり\"}'],Name:'{\"text\":\"§3§l空音の雫\"}'}}"
                        }
                    ]
                }
            ]
        }
    ]
}