{
    "criteria": {
        "requirement": {
            "trigger": "minecraft:inventory_changed",
            "conditions": {
                "items": [
                    {
                        "enchantments": [
                            {
                                "enchantment": "minecraft:lure",
                                "levels": 8
                            }
                        ]
                    }
                ]
            }
        }
    },
    "rewards": {
        "function": "tusb_remake:item_data_change/high_lure_change"
    }
}