﻿{
    "pools": [
        {
            "rolls": {
                "min": 2,
                "max": 6
            },
            "entries": [
                {
                    "type": "loot_table",
                    "name": "usb:chests/itemrank/f",
                    "weight": 20,
                    "quality": 1
                },
                {
                    "type": "loot_table",
                    "name": "usb:chests/itemrank/e",
                    "weight": 14,
                    "quality": 2
                },
                {
                    "type": "loot_table",
                    "name": "usb:chests/itemrank/d",
                    "weight": 10,
                    "quality": 3
                },
                {
                    "type": "loot_table",
                    "name": "usb:chests/itemrank/c",
                    "weight": 7,
                    "quality": 4
                },
                {
                    "type": "loot_table",
                    "name": "usb:chests/itemrank/b",
                    "weight": 5,
                    "quality": 5
                },
                {
                    "type": "loot_table",
                    "name": "usb:chests/itemrank/a",
                    "weight": 3,
                    "quality": 5
                },
                {
                    "type": "loot_table",
                    "name": "usb:chests/itemrank/s",
                    "weight": 1,
                    "quality": 5
                }
            ]
        }
    ]
}