﻿{
    "pools": [
        {
            "rolls": 1,
            "entries": [
                {
                    "type": "item",
                    "name": "minecraft:nether_star",
                    "weight": 1,
                    "functions": [
                        {
                            "function": "minecraft:set_count",
                            "count": {
                                "min": 4,
                                "max": 32
                            }
                        }
                    ]
                }
            ]
        },
        {
            "rolls": 1,
            "entries": [
                {
                    "type": "item",
                    "name": "minecraft:torch",
                    "weight": 1,
                    "functions": [
                        {
                            "function": "minecraft:set_count",
                            "count": {
                                "min": 16,
                                "max": 64
                            }
                        }
                    ]
                },
                {
                    "type": "item",
                    "name": "minecraft:chest",
                    "weight": 1,
                    "functions": [
                        {
                            "function": "minecraft:set_count",
                            "count": {
                                "min": 1,
                                "max": 3
                            }
                        }
                    ]
                },
                {
                    "type": "item",
                    "name": "minecraft:diamond_ore",
                    "weight": 1,
                    "functions": [
                        {
                            "function": "minecraft:set_count",
                            "count": {
                                "min": 3,
                                "max": 6
                            }
                        }
                    ]
                },
                {
                    "type": "item",
                    "name": "minecraft:diamond",
                    "weight": 1,
                    "functions": [
                        {
                            "function": "minecraft:set_count",
                            "count": {
                                "min": 3,
                                "max": 6
                            }
                        }
                    ]
                },
                {
                    "type": "item",
                    "name": "minecraft:oak_log",
                    "weight": 1,
                    "functions": [
                        {
                            "function": "minecraft:set_count",
                            "count": {
                                "min": 2,
                                "max": 8
                            }
                        }
                    ]
                },
                {
                    "type": "item",
                    "name": "minecraft:emerald",
                    "weight": 1,
                    "functions": [
                        {
                            "function": "minecraft:set_count",
                            "count": {
                                "min": 20,
                                "max": 60
                            }
                        }
                    ]
                },
                {
                    "type": "item",
                    "name": "minecraft:iron_pickaxe",
                    "weight": 1,
                    "functions": [
                        {
                            "function": "minecraft:set_count",
                            "count": {
                                "min": 1,
                                "max": 2
                            }
                        },
                        {
                            "function": "enchant_with_levels",
                            "treasure": false,
                            "levels": {
                                "min": 0,
                                "max": 15
                            }
                        }
                    ]
                },
                {
                    "type": "item",
                    "name": "minecraft:iron_sword",
                    "weight": 1,
                    "functions": [
                        {
                            "function": "minecraft:set_count",
                            "count": {
                                "min": 1,
                                "max": 2
                            }
                        },
                        {
                            "function": "enchant_with_levels",
                            "treasure": false,
                            "levels": {
                                "min": 0,
                                "max": 15
                            }
                        }
                    ]
                },
                {
                    "type": "item",
                    "name": "minecraft:bread",
                    "weight": 1,
                    "functions": [
                        {
                            "function": "minecraft:set_count",
                            "count": {
                                "min": 5,
                                "max": 15
                            }
                        }
                    ]
                },
                {
                    "type": "item",
                    "name": "minecraft:rotten_flesh",
                    "weight": 1,
                    "functions": [
                        {
                            "function": "minecraft:set_count",
                            "count": {
                                "min": 5,
                                "max": 15
                            }
                        }
                    ]
                },
                {
                    "type": "item",
                    "name": "minecraft:cobweb",
                    "weight": 1,
                    "functions": [
                        {
                            "function": "minecraft:set_count",
                            "count": {
                                "min": 4,
                                "max": 12
                            }
                        }
                    ]
                },
                {
                    "type": "item",
                    "name": "minecraft:bone_meal",
                    "weight": 1,
                    "functions": [
                        {
                            "function": "minecraft:set_count",
                            "count": {
                                "min": 5,
                                "max": 20
                            }
                        }
                    ]
                },
                {
                    "type": "item",
                    "name": "minecraft:gold_ingot",
                    "weight": 1,
                    "functions": [
                        {
                            "function": "minecraft:set_count",
                            "count": {
                                "min": 2,
                                "max": 5
                            }
                        }
                    ]
                },
                {
                    "type": "item",
                    "name": "minecraft:iron_ingot",
                    "weight": 1,
                    "functions": [
                        {
                            "function": "minecraft:set_count",
                            "count": {
                                "min": 2,
                                "max": 5
                            }
                        }
                    ]
                },
                {
                    "type": "item",
                    "name": "minecraft:grass",
                    "weight": 1,
                    "functions": [
                        {
                            "function": "minecraft:set_count",
                            "count": {
                                "min": 10,
                                "max": 40
                            }
                        }
                    ]
                },
                {
                    "type": "item",
                    "name": "minecraft:brown_mushroom",
                    "weight": 1,
                    "functions": [
                        {
                            "function": "minecraft:set_count",
                            "count": {
                                "min": 10,
                                "max": 40
                            }
                        }
                    ]
                },
                {
                    "type": "item",
                    "name": "minecraft:red_mushroom",
                    "weight": 1,
                    "functions": [
                        {
                            "function": "minecraft:set_count",
                            "count": {
                                "min": 10,
                                "max": 40
                            }
                        }
                    ]
                },
                {
                    "type": "item",
                    "name": "minecraft:wooden_pickaxe",
                    "weight": 1,
                    "functions": [
                        {
                            "function": "minecraft:set_count",
                            "count": {
                                "min": 1,
                                "max": 3
                            }
                        }
                    ]
                },
                {
                    "type": "item",
                    "name": "minecraft:dead_bush",
                    "weight": 1,
                    "functions": [
                        {
                            "function": "minecraft:set_count",
                            "count": {
                                "min": 4,
                                "max": 20
                            }
                        }
                    ]
                },
                {
                    "type": "item",
                    "name": "minecraft:mycelium",
                    "weight": 1,
                    "functions": [
                        {
                            "function": "minecraft:set_count",
                            "count": {
                                "min": 4,
                                "max": 20
                            }
                        }
                    ]
                },
                {
                    "type": "item",
                    "name": "minecraft:vine",
                    "weight": 1,
                    "functions": [
                        {
                            "function": "minecraft:set_count",
                            "count": {
                                "min": 4,
                                "max": 20
                            }
                        }
                    ]
                },
                {
                    "type": "item",
                    "name": "minecraft:lily_pad",
                    "weight": 1,
                    "functions": [
                        {
                            "function": "minecraft:set_count",
                            "count": {
                                "min": 4,
                                "max": 20
                            }
                        }
                    ]
                },
                {
                    "type": "item",
                    "name": "minecraft:egg",
                    "weight": 1,
                    "functions": [
                        {
                            "function": "minecraft:set_count",
                            "count": {
                                "min": 4,
                                "max": 20
                            }
                        }
                    ]
                },
                {
                    "type": "item",
                    "name": "minecraft:ender_pearl",
                    "weight": 1,
                    "functions": [
                        {
                            "function": "minecraft:set_count",
                            "count": {
                                "min": 1,
                                "max": 2
                            }
                        }
                    ]
                },
                {
                    "type": "item",
                    "name": "minecraft:coal",
                    "weight": 1,
                    "functions": [
                        {
                            "function": "minecraft:set_count",
                            "count": {
                                "min": 2,
                                "max": 8
                            }
                        }
                    ]
                },
                {
                    "type": "item",
                    "name": "minecraft:wheat",
                    "weight": 1,
                    "functions": [
                        {
                            "function": "minecraft:set_count",
                            "count": {
                                "min": 4,
                                "max": 20
                            }
                        }
                    ]
                },
                {
                    "type": "item",
                    "name": "minecraft:flint",
                    "weight": 1,
                    "functions": [
                        {
                            "function": "minecraft:set_count",
                            "count": {
                                "min": 4,
                                "max": 20
                            }
                        }
                    ]
                },
                {
                    "type": "item",
                    "name": "minecraft:clay_ball",
                    "weight": 1,
                    "functions": [
                        {
                            "function": "minecraft:set_count",
                            "count": {
                                "min": 4,
                                "max": 20
                            }
                        }
                    ]
                },
                {
                    "type": "item",
                    "name": "minecraft:shield",
                    "weight": 1
                },
                {
                    "type": "item",
                    "name": "minecraft:beetroot",
                    "weight": 1,
                    "functions": [
                        {
                            "function": "minecraft:set_count",
                            "count": {
                                "min": 4,
                                "max": 10
                            }
                        }
                    ]
                },
                {
                    "type": "item",
                    "name": "minecraft:beetroot_seeds",
                    "weight": 1,
                    "functions": [
                        {
                            "function": "minecraft:set_count",
                            "count": {
                                "min": 4,
                                "max": 10
                            }
                        }
                    ]
                },
                {
                    "type": "item",
                    "name": "minecraft:nether_quartz_ore",
                    "weight": 1,
                    "functions": [
                        {
                            "function": "minecraft:set_count",
                            "count": {
                                "min": 4,
                                "max": 20
                            }
                        }
                    ]
                },
                {
                    "type": "item",
                    "name": "minecraft:beef",
                    "weight": 1,
                    "functions": [
                        {
                            "function": "minecraft:set_count",
                            "count": {
                                "min": 4,
                                "max": 10
                            }
                        }
                    ]
                },
                {
                    "type": "item",
                    "name": "minecraft:redstone_block",
                    "weight": 1,
                    "functions": [
                        {
                            "function": "minecraft:set_count",
                            "count": {
                                "min": 1,
                                "max": 4
                            }
                        }
                    ]
                },
                {
                    "type": "item",
                    "name": "minecraft:nether_wart",
                    "weight": 1,
                    "functions": [
                        {
                            "function": "minecraft:set_count",
                            "count": {
                                "min": 2,
                                "max": 10
                            }
                        }
                    ]
                },
                {
                    "type": "item",
                    "name": "minecraft:apple",
                    "weight": 1,
                    "functions": [
                        {
                            "function": "minecraft:set_count",
                            "count": {
                                "min": 4,
                                "max": 10
                            }
                        }
                    ]
                },
                {
                    "type": "item",
                    "name": "minecraft:coal",
                    "weight": 1,
                    "functions": [
                        {
                            "function": "minecraft:set_count",
                            "count": {
                                "min": 4,
                                "max": 10
                            }
                        }
                    ]
                },
                {
                    "type": "item",
                    "name": "minecraft:red_bed",
                    "weight": 1,
                    "functions": [
                        {
                            "function": "minecraft:set_count",
                            "count": {
                                "min": 2,
                                "max": 4
                            }
                        }
                    ]
                },
                {
                    "type": "item",
                    "name": "minecraft:bone",
                    "weight": 1,
                    "functions": [
                        {
                            "function": "minecraft:set_count",
                            "count": {
                                "min": 4,
                                "max": 10
                            }
                        }
                    ]
                },
                {
                    "type": "item",
                    "name": "minecraft:stone_pickaxe",
                    "weight": 1,
                    "functions": [
                        {
                            "function": "minecraft:set_count",
                            "count": {
                                "min": 1,
                                "max": 2
                            }
                        },
                        {
                            "function": "enchant_with_levels",
                            "treasure": false,
                            "levels": {
                                "min": 0,
                                "max": 15
                            }
                        }
                    ]
                },
                {
                    "type": "item",
                    "name": "minecraft:golden_pickaxe",
                    "weight": 1,
                    "functions": [
                        {
                            "function": "minecraft:set_count",
                            "count": {
                                "min": 1,
                                "max": 2
                            }
                        },
                        {
                            "function": "enchant_with_levels",
                            "treasure": false,
                            "levels": {
                                "min": 0,
                                "max": 15
                            }
                        }
                    ]
                },
                {
                    "type": "item",
                    "name": "minecraft:diamond_hoe",
                    "weight": 1,
                    "functions": [
                        {
                            "function": "minecraft:set_count",
                            "count": {
                                "min": 1,
                                "max": 2
                            }
                        },
                        {
                            "function": "enchant_with_levels",
                            "treasure": false,
                            "levels": {
                                "min": 0,
                                "max": 15
                            }
                        }
                    ]
                },
                {
                    "type": "item",
                    "name": "minecraft:endermite_spawn_egg",
                    "weight": 1,
                    "functions": [
                        {
                            "function": "set_nbt",
                            "tag": "{RepairCost: 1000000000, HideFlags: 16, display: {Lore: ['{\"text\":\"§r仄かに光る不思議なキノコ。\"}', '{\"text\":\"§r10分ほどで枯れてしまう。\"}', '{\"text\":\"§r食用には適さない。\"}'], Name: '{\"text\":\"§eヒカリタケ\"}'}, Enchantments: [], EntityTag: {Lifetime: -8400, Attributes: [{Base: 0.1d, Name: \"generic.max_health\"}], Silent: 1b, Team: \"Yellow\", id: \"minecraft:endermite\", NoAI: 1b, Glowing: 1b, Tags: [\"TypeChecked\"], CustomNameVisible: 1b}, CanPlaceOn: [\"#minecraft:all\"]}"
                        }
                    ]
                },
                {
                    "type": "item",
                    "name": "minecraft:potion",
                    "weight": 1,
                    "functions": [
                        {
                            "function": "set_nbt",
                            "tag": "{CustomPotionEffects: [{Duration: 0, Id: 26b, Amplifier: 0b, ShowParticles: 1b}, {Duration: 3, Id: 14b, Amplifier: 1b, ShowParticles: 0b}], HideFlags: 32, Potion: \"minecraft:water\", display: {Lore: ['{\"text\":\"§aマナがちょぴっと詰まった飲み物。\"}', '{\"text\":\"§a飲むとMPが回復する。\"}', '{\"text\":\"\"}', '{\"text\":\"§7スプラッシュ化不可\"}'], Name: '{\"text\":\"§2§lエーテル\"}'}}"
                        }
                    ]
                },
                {
                    "type": "item",
                    "name": "minecraft:potion",
                    "weight": 1,
                    "functions": [
                        {
                            "function": "set_nbt",
                            "tag": "{CustomPotionEffects: [{Duration: 1200, Id: 1b, Amplifier: 2b, ShowParticles: 1b}, {Duration: 1200, Id: 16b, Amplifier: 2b, ShowParticles: 1b}, {Duration: 100, Id: 9b, Amplifier: 0b, ShowParticles: 1b}], HideFlags: 32, Potion: \"minecraft:water\", display: {Lore: ['{\"text\":\"§3§oコレを飲んだものは目がさえ\"}', '{\"text\":\"§3§o何となく足が早くなる感覚に陥る。\"}'], Name: '{\"text\":\"§b深夜のテンション\"}'}}"
                        }
                    ]
                },
                {
                    "type": "item",
                    "name": "minecraft:potion",
                    "weight": 1,
                    "functions": [
                        {
                            "function": "set_nbt",
                            "tag": "{CustomPotionEffects: [{Duration: 1, Id: 6b, Amplifier: 0b, ShowParticles: 0b}, {Duration: 0, Id: 12b, Amplifier: 0b, ShowParticles: 1b}], HideFlags: 32, Potion: \"minecraft:water\", display: {Lore: ['{\"text\":\"§6心が温まるスープ。\"}', '{\"text\":\"§6飲むとHPが回復する。\"}'], Name: '{\"text\":\"§e§lコーンスープ\"}'}}"
                        }
                    ]
                }
            ]
        }
    ]
}