﻿{
    "pools": [
        {
            "rolls": 1,
            "entries": [
                {
                    "type": "item",
                    "name": "minecraft:stick",
                    "weight": 1,
                    "functions": [
                        {
                            "function": "set_count",
                            "count": 2
                        },
                        {
                            "function": "set_nbt",
                            "tag": "{display:{Name:'{\"text\":\"§bおままごとセット\"}',Lore:['{\"text\":\"§rお箸\"}']}}"
                        }
                    ]
                }
            ]
        },
        {
            "rolls": 1,
            "entries": [
                {
                    "type": "item",
                    "name": "minecraft:bowl",
                    "weight": 1,
                    "functions": [
                        {
                            "function": "set_count",
                            "count": 1
                        },
                        {
                            "function": "set_nbt",
                            "tag": "{display:{Name:'{\"text\":\"§bおままごとセット\"}',Lore:['{\"text\":\"§rお皿\"}']}}"
                        }
                    ]
                }
            ]
        },
        {
            "rolls": 1,
            "entries": [
                {
                    "type": "item",
                    "name": "minecraft:baked_potato",
                    "weight": 1,
                    "functions": [
                        {
                            "function": "set_count",
                            "count": 1
                        },
                        {
                            "function": "set_nbt",
                            "tag": "{display:{Name:'{\"text\":\"§bおままごとセット\"}',Lore:['{\"text\":\"§rお芋\"}']}}"
                        }
                    ]
                }
            ]
        },
        {
            "rolls": 1,
            "entries": [
                {
                    "type": "item",
                    "name": "minecraft:bread",
                    "weight": 1,
                    "functions": [
                        {
                            "function": "set_count",
                            "count": 1
                        },
                        {
                            "function": "set_nbt",
                            "tag": "{display:{Name:'{\"text\":\"§bおままごとセット\"}',Lore:['{\"text\":\"§rパン\"}']}}"
                        }
                    ]
                }
            ]
        },
        {
            "rolls": 1,
            "entries": [
                {
                    "type": "item",
                    "name": "minecraft:cooked_salmon",
                    "weight": 1,
                    "functions": [
                        {
                            "function": "set_count",
                            "count": 1
                        },
                        {
                            "function": "set_nbt",
                            "tag": "{display:{Name:'{\"text\":\"§bおままごとセット\"}',Lore:['{\"text\":\"§rお魚\"}']}}"
                        }
                    ]
                }
            ]
        }
    ]
}