﻿{
    "pools": [
        {
            "rolls": 1,
            "entries": [
                {
                    "type": "loot_table",
                    "name": "minecraft:entities/sheep/white",
                    "weight": 1
                },
                {
                    "type": "loot_table",
                    "name": "minecraft:entities/sheep/orange",
                    "weight": 1
                },
                {
                    "type": "loot_table",
                    "name": "minecraft:entities/sheep/magenta",
                    "weight": 1
                },
                {
                    "type": "loot_table",
                    "name": "minecraft:entities/sheep/light_blue",
                    "weight": 1
                },
                {
                    "type": "loot_table",
                    "name": "minecraft:entities/sheep/yellow",
                    "weight": 1
                },
                {
                    "type": "loot_table",
                    "name": "minecraft:entities/sheep/lime",
                    "weight": 1
                },
                {
                    "type": "loot_table",
                    "name": "minecraft:entities/sheep/pink",
                    "weight": 1
                },
                {
                    "type": "loot_table",
                    "name": "minecraft:entities/sheep/gray",
                    "weight": 1
                },
                {
                    "type": "loot_table",
                    "name": "minecraft:entities/sheep/light_gray",
                    "weight": 1
                },
                {
                    "type": "loot_table",
                    "name": "minecraft:entities/sheep/cyan",
                    "weight": 1
                },
                {
                    "type": "loot_table",
                    "name": "minecraft:entities/sheep/purple",
                    "weight": 1
                },
                {
                    "type": "loot_table",
                    "name": "minecraft:entities/sheep/blue",
                    "weight": 1
                },
                {
                    "type": "loot_table",
                    "name": "minecraft:entities/sheep/brown",
                    "weight": 1
                },
                {
                    "type": "loot_table",
                    "name": "minecraft:entities/sheep/green",
                    "weight": 1
                },
                {
                    "type": "loot_table",
                    "name": "minecraft:entities/sheep/red",
                    "weight": 1
                },
                {
                    "type": "loot_table",
                    "name": "minecraft:entities/sheep/black",
                    "weight": 1
                }
            ]
        }
    ]
}