{
	"criteria": {
		"something": {
			"trigger": "minecraft:entity_hurt_player",
			"conditions": {
				"damage": {
					"type": {
						"bypasses_armor": false,
						"bypasses_magic": false,
						"bypasses_invulnerability": false,
						"is_magic": false,
						"is_fire": false
					}
				},
				"player": [
					{
						"condition": "entity_scores",
						"entity": "this",
						"scores": {
							"IronWill": {
								"min": 1
							}
						}
					}
				]
			}
		}
	},
	"rewards": {
		"function": "tusb_remake:skill/knight/iron_will/check_continue"
	}
}