﻿{    "pools": [        {            "rolls": 1,            "entries": [                {                    "type": "item",                    "name": "minecraft:nether_star",                    "weight": 1,                    "functions": [                        {                            "function": "set_count",                            "count": 128                        }                    ]                },                {                    "type": "item",                    "name": "minecraft:nether_star",                    "weight": 2,                    "functions": [                        {                            "function": "set_count",                            "count": 64                        }                    ]                },                {                    "type": "item",                    "name": "minecraft:nether_star",                    "weight": 4,                    "functions": [                        {                            "function": "set_count",                            "count": 32                        }                    ]                },                {                    "type": "item",                    "name": "minecraft:nether_star",                    "weight": 8,                    "functions": [                        {                            "function": "set_count",                            "count": 16                        }                    ]                },                {                    "type": "item",                    "name": "minecraft:nether_star",                    "weight": 16,                    "functions": [                        {                            "function": "set_count",                            "count": 8                        }                    ]                },                {                    "type": "item",                    "name": "minecraft:nether_star",                    "weight": 32,                    "functions": [                        {                            "function": "set_count",                            "count": 4                        }                    ]                }            ]        }    ]}