﻿{
    "pools": [
        {
            "rolls": 1,
            "entries": [
                {
                    "type": "item",
                    "name": "minecraft:iron_helmet",
                    "weight": 1,
                    "functions": [
                        {
                            "function": "set_nbt",
                            "tag": "{Enchantments:[{}],RepairCost:1000000000,display:{Name:'{\"text\":\"§b解凍帽子\"}'}}"
                        }
                    ]
                }
            ]
        },
        {
            "rolls": 1,
            "entries": [
                {
                    "type": "item",
                    "name": "minecraft:iron_chestplate",
                    "weight": 1,
                    "functions": [
                        {
                            "function": "set_nbt",
                            "tag": "{Enchantments:[{}],RepairCost:1000000000,display:{Name:'{\"text\":\"§b解凍上着\"}'}}"
                        }
                    ]
                }
            ]
        },
        {
            "rolls": 1,
            "entries": [
                {
                    "type": "item",
                    "name": "minecraft:iron_leggings",
                    "weight": 1,
                    "functions": [
                        {
                            "function": "set_nbt",
                            "tag": "{Enchantments:[{}],RepairCost:1000000000,display:{Name:'{\"text\":\"§b解凍ズボン\"}'}}"
                        }
                    ]
                }
            ]
        },
        {
            "rolls": 1,
            "entries": [
                {
                    "type": "item",
                    "name": "minecraft:iron_boots",
                    "weight": 1,
                    "functions": [
                        {
                            "function": "set_nbt",
                            "tag": "{Enchantments:[{}],RepairCost:1000000000,display:{Name:'{\"text\":\"§b解凍ブーツ\"}'}}"
                        }
                    ]
                }
            ]
        }
    ]
}