{
	"criteria": {
		"something": {
			"trigger": "minecraft:tick",
			"conditions": {
				"player": [
					{
						"condition": "entity_scores",
						"entity": "this",
						"scores": {
							"ShinkuGiri": {
								"min": 1
							}
						}
					},
					{
						"condition": "entity_properties",
						"entity": "this",
						"predicate": {
							"flags": {
								"is_sneaking": false
							}
						}
					}
				]
			}
		}
	},
	"rewards": {
		"function": "tusb_remake:skill/knight/shinku_giri/check"
	}
}
