﻿{
    "pools": [
        {
            "rolls": 5,
            "bonus_rolls": {
                "min": 2,
                "max": 5
            },
            "entries": [
                {
                "type": "item",
                "name": "minecraft:bread",
                    "weight": 10000
                },
                {
                    "type": "item",
                    "name": "minecraft:potion",
                    "weight": 10000,
                    "functions": [
                        {
                            "function": "minecraft:set_nbt",
                            "tag": "{CustomPotionEffects:[{Duration: 1, Id: 6b, Amplifier: 0b, ShowParticles: 0b}, {Duration: 0, Id: 12b, Amplifier: 0b, ShowParticles: 1b}], HideFlags: 32, Potion: \"minecraft:water\", display: {Lore: ['{\"text\":\"§6心が温まるスープ。\"}', '{\"text\":\"§6飲むとHPが回復する。\"}'], Name: '{\"text\":\"§e§lコーンスープ\"}'}}"
                        }
                    ]
                },
                {
                    "type": "item",
                    "name": "minecraft:potion",
                    "weight": 10000,
                    "functions": [
                        {
                            "function": "minecraft:set_nbt",
                            "tag": "{CustomPotionEffects: [{Duration: 0, Id: 26b, Amplifier: 0b, ShowParticles: 1b}, {Duration: 3, Id: 14b, Amplifier: 1b, ShowParticles: 0b}], HideFlags: 32, Potion: \"minecraft:water\", display: {Lore: ['{\"text\":\"§aマナがちょぴっと詰まった飲み物。\"}', '{\"text\":\"§a飲むとMPが回復する。\"}', '{\"text\":\"\"}', '{\"text\":\"§7スプラッシュ化不可\"}'], Name: '{\"text\":\"§2§lエーテル\"}'}}"
                        }
                    ]
                },
                {
                    "type": "item",
                    "name": "minecraft:potion",
                    "weight": 10000,
                    "functions": [
                        {
                            "function": "minecraft:set_nbt",
                            "tag": "{CustomPotionEffects: [{Duration: 0, Id: 5b, Amplifier: 0b, ShowParticles: 1b}, {Duration: 3, Id: 14b, Amplifier: 4b, ShowParticles: 0b}], HideFlags: 32, Potion: \"minecraft:water\", display: {Lore: ['{\"text\":\"§dマナから作られた霊薬。\"}', '{\"text\":\"§d飲むとHPとMPが半分回復する。\"}', '{\"text\":\"\"}', '{\"text\":\"§7スプラッシュ化不可\"}'], Name: '{\"text\":\"§5§lエリクサー\"}'}}"
                        }
                    ]
                },
                {
                    "type": "item",
                    "name": "creeper_spawn_egg",
                    "weight": 10000,
                    "functions": [
                        {
                            "function": "minecraft:set_nbt",
                            "tag": "{EntityTag: {Fuse: 0s, id: \"minecraft:creeper\", Tags: [\"TypeChecked\"], ActiveEffects: [{Duration: 100, Id: 14b, Amplifier: 0b, ShowParticles: 0b}]}, RepairCost: 1000000000, HideFlags: 16, display: {Lore: ['{\"text\":\"§e取り扱い注意\"}'], Name: '{\"text\":\"§e§lチンした卵\"}'}, Enchantments: []}"
                        }
                    ]
                },
                {
                    "type": "item",
                    "name": "minecraft:bow",
                    "weight": 10000,
                    "function": "minecraft:set_damage",
                    "damage": {
                        "min": 0.1,
                        "max": 1.0
                    }
                },
                {
                    "type": "item",
                    "name": "minecraft:stone_sword",
                    "weight": 10000,
                    "damage": {
                        "min": 0.1,
                        "max": 1.0
                    }
                },
                {
                    "type": "item",
                    "name": "minecraft:arrow",
                    "weight": 10000,
                    "functions": [
                        {
                            "function": "set_count",
                            "count": {
                                "min": 1,
                                "max": 64
                            }
                        }
                    ]
                },
                {
                    "type": "item",
                    "name": "minecraft:armor_stand",
                    "weight": 10000,
                    "functions": [
                        {
                            "function": "set_nbt",
                            "tag": "{RepairCost: 1000000000, HideFlags: 16, display: {Lore: ['{\"text\":\"§3§o雪球が64こ1sで圧縮されたもの。\"}'], Name: '{\"text\":\"§f§l雪球.zip\"}'}, Enchantments: [], EntityTag: {NoGravity: 1b, Small: 1b, Health: 1.0f, Attributes: [{Base: 1.0d, Name: \"generic.max_health\"}], Invulnerable: 1b, ShowArms: 0b, Marker: 0b, HandItems: [{id: \"minecraft:snowball\" ,Count: 64b, tag: {HideFlags: 2, AttributeModifiers: [{AttributeName:\"generic.max_health\",Operation: 1, UUID: [I; 0, 7, 0, 1], Amount: 1.0E-8d, Name:\"plus\"}]}},{}], DisabledSlots: 2039326, DeathTime: -20s, Pose: {RightArm: [80.0f, -40.0f, -110.0f], Head: [45.0f, 180.0f, 35.0f]}, ArmorItems: [{id:\"minecraft:stone\",Count: 0b, tag: {AttributeModifiers: [{AttributeName:\"generic.max_health\",Operation: 1, UUID: [I; 0, 6, 0, 1], Amount: -1, Name:\"minus\"}]}}, {}, {}, {id: \"minecraft:ice\",Count: 0b}], NoBasePlate: 1b, id:\"armor_stand\",Invisible: 1b, ActiveEffects: [{Duration: 2147483647, Id: 6b, Amplifier: 127b, ShowParticles: 0b}]}, CanPlaceOn: [\"#minecraft:all\"]}"
                        }
                    ]
                },
                {
                    "type": "item",
                    "name": "minecraft:lead",
                    "weight": 10000
                },
                {
                    "type": "item",
                    "name": "minecraft:stone_pickaxe",
                    "weight": 10000,
                    "damage": {
                        "min": 0.2,
                        "max": 1.0
                    }
                },
                {
                    "type": "item",
                    "name": "minecraft:compass",
                    "weight": 10000
                },
                {
                    "type": "item",
                    "name": "minecraft:clock",
                    "weight": 10000
                },
                {
                    "type": "item",
                    "name": "minecraft:lingering_potion",
                    "weight": 10000,
                    "functions": [
                        {
                            "function": "set_count",
                            "count": {
                                "min": 1,
                                "max": 4
                            }
                        },
                        {
                            "function": "set_nbt",
                            "tag": "{CustomPotionEffects: [{Duration: 0, Id: 1b, Amplifier: 127b, ShowParticles: 0b}, {Duration: 0, Id: 2b, Amplifier: 127b, ShowParticles: 0b}, {Duration: 0, Id: 3b, Amplifier: 127b, ShowParticles: 0b}, {Duration: 0, Id: 4b, Amplifier: 127b, ShowParticles: 0b}, {Duration: 0, Id: 5b, Amplifier: 127b, ShowParticles: 0b}, {Duration: 0, Id: 8b, Amplifier: 127b, ShowParticles: 0b}, {Duration: 0, Id: 9b, Amplifier: 127b, ShowParticles: 0b}, {Duration: 0, Id: 10b, Amplifier: 127b, ShowParticles: 0b}, {Duration: 0, Id: 11b, Amplifier: 127b, ShowParticles: 0b}, {Duration: 0, Id: 12b, Amplifier: 127b, ShowParticles: 0b}, {Duration: 0, Id: 13b, Amplifier: 127b, ShowParticles: 0b}, {Duration: 0, Id: 15b, Amplifier: 127b, ShowParticles: 0b}, {Duration: 0, Id: 16b, Amplifier: 127b, ShowParticles: 0b}, {Duration: 0, Id: 17b, Amplifier: 127b, ShowParticles: 0b}, {Duration: 0, Id: 18b, Amplifier: 127b, ShowParticles: 1b}, {Duration: 0, Id: 19b, Amplifier: 127b, ShowParticles: 0b}, {Duration: 0, Id: 20b, Amplifier: 127b, ShowParticles: 0b}, {Duration: 0, Id: 22b, Amplifier: 127b, ShowParticles: 0b}, {Duration: 0, Id: 24b, Amplifier: 127b, ShowParticles: 0b}, {Duration: 0, Id: 25b, Amplifier: 127b, ShowParticles: 0b}, {Duration: 0, Id: 26b, Amplifier: 127b, ShowParticles: 0b}, {Duration: 0, Id: 27b, Amplifier: 127b, ShowParticles: 0b}], HideFlags: 32, Potion: \"minecraft:water\", display: {Lore: ['{\"text\":\"§3毒を以て毒を制すというコンセプトで\"}', '{\"text\":\"§3作られたポーション。\"}'], Name: '{\"text\":\"§f解毒薬\"}'}}"
                        }
                    ]
                },
                {
                    "type": "item",
                    "name": "minecraft:apple",
                    "weight": 10000
                },
                {
                    "type": "item",
                    "name": "minecraft:bread",
                    "weight": 10000
                },
                {
                    "type": "item",
                    "name": "minecraft:emerald",
                    "weight": 10000,
                    "functions": [
                        {
                            "function": "set_count",
                            "count": {
                                "min": 1,
                                "max": 12
                            }
                        }
                    ]
                },
                {
                    "type": "item",
                    "name": "minecraft:lingering_potion",
                    "weight": 10000,
                    "functions": [
                        {
                            "function": "set_nbt",
                            "tag": "{Potion:\"minecraft:strong_healing\"}"
                        }
                    ]
                },
                {
                    "type": "item",
                    "name": "minecraft:leather",
                    "weight": 10000
                },
                {
                    "type": "item",
                    "name": "minecraft:potion",
                    "weight": 10000,
                    "functions": [
                        {
                            "function": "set_nbt",
                            "tag": "{CustomPotionEffects: [{Duration: 0, Id: 5b, Amplifier: 0b, ShowParticles: 1b}, {Duration: 3, Id: 14b, Amplifier: 4b, ShowParticles: 0b}], HideFlags: 32, Potion: \"minecraft:water\", display: {Lore: ['{\"text\":\"§dマナから作られた霊薬。\"}','{\"text\":\"§d飲むとHPとMPが半分回復する。\"}', '{\"text\":\"\"}', '{\"text\":\"§7スプラッシュ化不可\"}'], Name: '{\"text\":\"§5§lエリクサー\"}'}}"
                        }
                    ]
                },
                {
                    "type": "item",
                    "name": "minecraft:potion",
                    "weight": 10000,
                    "functions": [
                        {
                            "function": "set_nbt",
                            "tag": "{Potion:\"minecraft:long_night_vision\"}"
                        }
                    ]
                },
                {
                    "type": "item",
                    "name": "minecraft:potion",
                    "weight": 10000,
                    "functions": [
                        {
                            "function": "set_nbt",
                            "tag": "{CustomPotionEffects: [{Duration: 0, Id: 25b, Amplifier: -128b, ShowParticles: 1b}, {Duration: 0, Id: 26b, Amplifier: 124b, ShowParticles: 1b}, {Duration: 2147483647, Id: 24b, Amplifier: 0b, ShowParticles: 0b}, {Duration: 60, Id: 16b, Amplifier: 0b, ShowParticles: 0b}], HideFlags: 32, Potion: \"minecraft:water\", display: {Lore: ['{\"text\":\"§f服用すると§e§l§oメッサヒカル\"}'], Name: '{\"text\":\"§e§lメッサヒカル\"}'}}"
                        }
                    ]
                },
                {
                    "type": "item",
                    "name": "minecraft:potion",
                    "weight": 10000,
                    "functions": [
                        {
                            "function": "set_nbt",
                            "tag": "{Potion:\"minecraft:long_regeneration\"}"
                        }
                    ]
                },
                {
                    "type": "item",
                    "name": "minecraft:witch_spawn_egg",
                    "weight": 10000,
                    "functions": [
                        {
                            "function": "set_nbt",
                            "tag": "{RepairCost: 1000000000, HideFlags: 16, display: {Lore: ['{\"text\":\"§rエーテルが入っている。\"}'], Name: '{\"text\":\"§2§lエーテルカプセル\"}'}, Enchantments: [], EntityTag: {DeathLootTable: \"usb:signs/ether1\", id: \"minecraft:witch\", DeathTime: 19s, ActiveEffects: [{Duration: 100, Id: 7b, Amplifier: 5b, ShowParticles: 0b}, {Duration: 100, Id: 14b, Amplifier: 0b, ShowParticles: 0b}], Tags: [\"RewardEgg\", \"TypeChecked\"]}, CanPlaceOn: [\"#minecraft:all\"]}"
                        }
                    ]
                },
                {
                    "type": "item",
                    "name": "minecraft:armor_stand",
                    "weight": 10000,
                    "functions": [
                        {
                            "function": "set_nbt",
                            "tag": "{NoGravity: 1b, RepairCost: 1000000000, display: {Lore: ['{\"text\":\"§a§l豪華なテント§eが出現する。\"}', '{\"text\":\"§e※十分な空間がないと設置されない。\"}', '{\"text\":\"§e§o※§c§oネザー§e§oや§5§oエンド§e§oでは使用出来ない。\"}'], Name: '{\"text\":\"§2§l宿の印板\"}'}, Enchantments: [], EntityTag: {Tags: [\"SignStand\", \"TentPlacer\", \"OverOnly\", \"TypeChecked\"], id: \"minecraft:armor_stand\"}, Invulnerable: 1b, Invisible: 1b}"
                        }
                    ]
                },
                {
                    "type": "item",
                    "name": "minecraft:torch",
                    "weight": 10000,
                    "functions": [
                        {
                            "function": "set_count",
                            "count": {
                                "min": 16,
                                "max": 32
                            }
                        },
                        {
                            "function": "set_nbt",
                            "tag": "{RepairCost: 1000000000, HideFlags: 16, CanPlaceOn: [\"#minecraft:all\"], display: {Lore: ['{\"text\":\"§rアドベンチャーエリアでも設置できる。\"}'], Name: '{\"text\":\"§4§lAdv.§f§l松明\"}'}, Enchantments: []}"
                        }
                    ]
                },
                {
                    "type": "item",
                    "name": "minecraft:cobweb",
                    "weight": 10000,
                    "functions": [
                        {
                            "function": "set_nbt",
                            "tag": "{RepairCost: 1000000000, HideFlags: 16, CanPlaceOn: [\"#minecraft:all\"], display: {Lore: ['{\"text\":\"§rアドベンチャーエリアでも設置できる。\"}'], Name: '{\"text\":\"§4§lAdv.§f§l蜘蛛の巣\"}'}, Enchantments: []}"
                        }
                    ]
                },
                {
                    "type": "item",
                    "name": "minecraft:vine",
                    "weight": 10000,
                    "functions": [
                        {
                            "function": "set_count",
                            "count": {
                                "min": 1,
                                "max": 16
                            }
                        },
                        {
                            "function": "set_nbt",
                            "tag": "{RepairCost: 1000000000, HideFlags: 16, CanPlaceOn: [\"#minecraft:all\"], display: {Lore: ['{\"text\":\"§rアドベンチャーエリアでも設置できる。\"}'], Name: '{\"text\":\"§4§lAdv.§f§lツタ\"}'}, Enchantments: []}"
                        }
                    ]
                },
                {
                    "type": "item",
                    "name": "minecraft:wooden_pickaxe",
                    "weight": 10000,
                    "functions": [
                        {
                            "function": "set_nbt",
                            "tag": "{RepairCost: 1000000000, display: {Name: '{\"text\":\"§4§lAdv.§f§lツルハシ\"}'}, Enchantments: [], Damage: 0, AttributeModifiers: [{Amount: -1.0d, Slot: \"mainhand\", AttributeName: \"generic.attack_damage\", Operation: 2, UUID: [I; 0, 1, 0, 1], Name: \"NoATK\"}, {Amount: -1.0d, Slot: \"mainhand\", AttributeName: \"generic.knockback_resistance\", Operation: 2, UUID: [I; 0, 1, 0, 2], Name: \"NoKBR\"}], CanDestroy: [\"minecraft:spawner\", \"minecraft:wall_torch\", \"minecraft:cobweb\", \"minecraft:vine\"]}"
                        }
                    ]
                },
                {
                    "type": "item",
                    "name": "minecraft:ender_eye",
                    "weight": 10000,
                    "functions": [
                        {
                            "function": "set_nbt",
                            "tag": "{RepairCost: 1000000000, CanPlaceOn: [\"minecraft:end_portal_frame\"], display: {Lore: ['{\"text\":\"§rアドベンチャーエリアでも設置できる。\"}'], Name: '{\"text\":\"§4§lAdv.§f§lエンダーアイ\"}'}, Enchantments: []}"
                        }
                    ]
                },
                {
                    "type": "item",
                    "name": "minecraft:emerald",
                    "weight": 1,
                    "quality": 5000,
                    "functions": [
                        {
                            "function": "set_count",
                            "count": {
                                "min": 48,
                                "max": 64
                            }
                        }
                    ]
                },
                {
                    "type": "item",
                    "name": "minecraft:enchanted_book",
                    "weight": 1,
                    "quality": 5000,
                    "functions": [
                        {
                            "function": "set_nbt",
                            "tag": "{StoredEnchantments:[{id:\"thorns\",lvl:3s}]}"
                        }
                    ]
                },
                {
                    "type": "item",
                    "name": "minecraft:witch_spawn_egg",
                    "weight": 1,
                    "quality": 5000,
                    "functions": [
                        {
                            "function": "set_nbt",
                            "tag": "{RepairCost: 1000000000, HideFlags: 16, display: {Lore: ['{\"text\":\"§rハイエーテルが入っている。\"}'], Name: '{\"text\":\"§2§lハイエーテルカプセル\"}'}, Enchantments: [], EntityTag: {DeathLootTable: \"usb:signs/ether2\", id: \"minecraft:witch\", DeathTime: 19s, ActiveEffects: [{Duration: 100, Id: 7b, Amplifier: 5b, ShowParticles: 0b}, {Duration: 100, Id: 14b, Amplifier: 0b, ShowParticles: 0b}], Tags: [\"RewardEgg\", \"TypeChecked\"]}, CanPlaceOn: [\"#minecraft:all\"]}"
                        }
                    ]
                },
                {
                    "type": "item",
                    "name": "minecraft:potion",
                    "weight": 1,
                    "quality": 5000,
                    "functions": [
                        {
                            "function": "set_nbt",
                            "tag": "{CustomPotionEffects: [{Duration: 1, Id: 6b, Amplifier: 2b, ShowParticles: 0b}, {Duration: 0, Id: 13b, Amplifier: 127b, ShowParticles: 1b}, {Duration: 0, Id: 25b, Amplifier: -128b, ShowParticles: 1b}], HideFlags: 32, Potion: \"minecraft:water\", display: {Lore: ['{\"text\":\"§6ｺｰﾝｽｰﾌﾟにﾊﾟﾝﾌﾟｷﾝを加え\"}', '{\"text\":\"§6回復量が増加したもの。\"}'], Name: '{\"text\":\"§e§lパンプキンスープ\"}'}}"
                        }
                    ]
                },
                {
                    "type": "item",
                    "name": "minecraft:potion",
                    "weight": 1,
                    "quality": 5000,
                    "functions": [
                        {
                            "function": "set_nbt",
                            "tag": "{CustomPotionEffects: [{Duration: 4820, Id: 11b, Amplifier: 0b, ShowParticles: 1b}, {Duration: 100, Id: 16b, Amplifier: 0b, ShowParticles: 1b}, {Duration: 4820, Id: 22b, Amplifier: 1b, ShowParticles: 1b}, {Duration: 0, Id: 5b, Amplifier: 0b, ShowParticles: 1b}, {Duration: 0, Id: 5b, Amplifier: 0b, ShowParticles: 1b}, {Duration: 0, Id: 5b, Amplifier: 0b, ShowParticles: 1b}, {Duration: 0, Id: 5b, Amplifier: 0b, ShowParticles: 1b}, {Duration: 0, Id: 5b, Amplifier: 0b, ShowParticles: 1b}, {Duration: 0, Id: 5b, Amplifier: 0b, ShowParticles: 1b}, {Duration: 0, Id: 5b, Amplifier: 0b, ShowParticles: 1b}, {Duration: 0, Id: 5b, Amplifier: 0b, ShowParticles: 1b}], HideFlags: 32, Potion: \"minecraft:water\", display: {Lore: ['{\"text\":\"§c滋養強壮に効くお薬。\"}', '{\"text\":\"§c飲むと体が丈夫になる。\"}'], Name: '{\"text\":\"§4§lレッドビート\"}'}}"
                        }
                    ]
                },
                {
                    "type": "item",
                    "name": "minecraft:chipped_anvil",
                    "weight": 1,
                    "quality": 4000
                },
                {
                    "type": "item",
                    "name": "minecraft:golden_apple",
                    "weight": 1,
                    "quality": 4000
                },
                {
                    "type": "item",
                    "name": "minecraft:enchanted_book",
                    "weight": 1,
                    "quality": 4000,
                    "functions": [
                        {
                            "function": "set_nbt",
                            "tag": "{StoredEnchantments:[{id:\"unbreaking\",lvl:3s}]}"
                        }
                    ]
                },
                {
                    "type": "item",
                    "name": "minecraft:witch_spawn_egg",
                    "weight": 1,
                    "quality": 4000,
                    "functions": [
                        {
                            "function": "set_nbt",
                            "tag": "{RepairCost: 1000000000, HideFlags: 16, display: {Lore: ['{\"text\":\"§rスーパーエーテルが入っている。\"}'], Name: '{\"text\":\"§2§lスーパーエーテルカプセル\"}'}, Enchantments: [], EntityTag: {DeathLootTable: \"usb:signs/ether3\", id: \"minecraft:witch\", DeathTime: 19s, ActiveEffects: [{Duration: 100, Id: 7b, Amplifier: 5b, ShowParticles: 0b}, {Duration: 100, Id: 14b, Amplifier: 0b, ShowParticles: 0b}], Tags: [\"RewardEgg\", \"TypeChecked\"]}, CanPlaceOn: [\"#minecraft:all\"]}"
                        }
                    ]
                },
                {
                    "type": "item",
                    "name": "minecraft:lingering_potion",
                    "weight": 1,
                    "quality": 4000,
                    "functions": [
                        {
                            "function": "set_nbt",
                            "tag": "{CustomPotionEffects: [{Duration: 0, Id: 1b, Amplifier: 0b, ShowParticles: 0b}, {Duration: 0, Id: 2b, Amplifier: 127b, ShowParticles: 0b}, {Duration: 0, Id: 3b, Amplifier: 0b, ShowParticles: 0b}, {Duration: 0, Id: 4b, Amplifier: 127b, ShowParticles: 0b}, {Duration: 0, Id: 5b, Amplifier: 0b, ShowParticles: 0b}, {Duration: 0, Id: 8b, Amplifier: 0b, ShowParticles: 0b}, {Duration: 0, Id: 9b, Amplifier: 127b, ShowParticles: 0b}, {Duration: 0, Id: 10b, Amplifier: 0b, ShowParticles: 0b}, {Duration: 0, Id: 11b, Amplifier: 0b, ShowParticles: 0b}, {Duration: 0, Id: 12b, Amplifier: 0b, ShowParticles: 0b}, {Duration: 0, Id: 13b, Amplifier: 0b, ShowParticles: 0b}, {Duration: 0, Id: 15b, Amplifier: 127b, ShowParticles: 0b}, {Duration: 0, Id: 16b, Amplifier: 0b, ShowParticles: 0b}, {Duration: 0, Id: 17b, Amplifier: 127b, ShowParticles: 0b}, {Duration: 0, Id: 18b, Amplifier: 127b, ShowParticles: 1b}, {Duration: 0, Id: 19b, Amplifier: 127b, ShowParticles: 0b}, {Duration: 0, Id: 20b, Amplifier: 127b, ShowParticles: 0b}, {Duration: 0, Id: 22b, Amplifier: 0b, ShowParticles: 0b}, {Duration: 0, Id: 24b, Amplifier: 127b, ShowParticles: 0b}, {Duration: 0, Id: 25b, Amplifier: 0b, ShowParticles: 0b}, {Duration: 0, Id: 26b, Amplifier: 0b, ShowParticles: 0b}, {Duration: 0, Id: 27b, Amplifier: 127b, ShowParticles: 0b}], HideFlags: 32, Potion: \"minecraft:water\", display: {Lore: ['{\"text\":\"§6毒を以て毒を制すというコンセプトで\"}', '{\"text\":\"§6作られたポーション。解毒薬の上位互換で\"}', '{\"text\":\"§6マイナス効果のみを除去する。\"}'], Name: '{\"text\":\"§e§lノンデメリット\"}'}}"
                        }
                    ]
                },
                {
                    "type": "item",
                    "name": "minecraft:ender_pearl",
                    "weight": 1,
                    "quality": 4000
                },
                {
                    "type": "item",
                    "name": "minecraft:iron_pickaxe",
                    "weight": 1,
                    "quality": 4000
                },
                {
                    "type": "item",
                    "name": "minecraft:enchanted_book",
                    "weight": 1,
                    "quality": 4000,
                    "functions": [
                        {
                            "function": "set_nbt",
                            "tag": "{StoredEnchantments:[{id:\"protection\",lvl:4s}]}"
                        }
                    ]
                },
                {
                    "type": "item",
                    "name": "minecraft:potion",
                    "weight": 1,
                    "quality": 4000,
                    "functions": [
                        {
                            "function": "set_nbt",
                            "tag": "{CustomPotionEffects: [{Duration: 100, Id: 23b, Amplifier: 10b, ShowParticles: 1b}, {Duration: 100, Id: 9b, Amplifier: 10b, ShowParticles: 1b}, {Duration: 700, Id: 18b, Amplifier: 100b, ShowParticles: 1b}, {Duration: 700, Id: 18b, Amplifier: -100b, ShowParticles: 1b}, {Duration: 0, Id: 12b, Amplifier: -100b, ShowParticles: 1b}], HideFlags: 32, Potion: \"minecraft:water\", display: {Lore: ['{\"text\":\"§e§o飲むと満腹になるが\"}', '{\"text\":\"§e§oしばらくの間弱体化する\"}'], Name: '{\"text\":\"ガソリン\"}'}}"
                        }
                    ]
                },
                {
                    "type": "item",
                    "name": "minecraft:anvil",
                    "weight": 1,
                    "quality": 4000
                },
                {
                    "type": "item",
                    "name": "minecraft:enchanted_book",
                    "weight": 1,
                    "quality": 4000,
                    "functions": [
                        {
                            "function": "set_nbt",
                            "tag": "{StoredEnchantments:[{id:\"efficiency\",lvl:5s}]}"
                        }
                    ]
                },
                {
                    "type": "item",
                    "name": "minecraft:enchanted_golden_apple",
                    "weight": 1,
                    "quality": 3000
                },
                {
                    "type": "item",
                    "name": "minecraft:potion",
                    "weight": 1,
                    "quality": 3000,
                    "functions": [
                        {
                            "function": "set_nbt",
                            "tag":"{CustomPotionEffects: [{Duration: 1200, Id: 1b, Amplifier: 2b, ShowParticles: 1b}, {Duration: 1200, Id: 8b, Amplifier: 2b, ShowParticles: 1b}, {Duration: 1200, Id: 10b, Amplifier: 0b, ShowParticles: 1b}, {Duration: 0, Id: 12b, Amplifier: -100b, ShowParticles: 1b}], HideFlags: 32, Potion: \"minecraft:water\", HideFlag: 0, display: {Lore: ['{\"text\":\"§6§o飲み薬。これを飲んだ者は、\"}', '{\"text\":\"§6§o跳躍力と速度が上がり、\"}', '{\"text\":\"§6§o傷の直りが早くなる体に生まれ変わる。\"}'], Name: '{\"text\":\"§e黄金蜂蜜酒\"}'}}"
                        }
                    ]
                },
                {
                    "type": "item",
                    "name": "minecraft:potion",
                    "weight": 1,
                    "quality": 3000,
                    "functions": [
                        {
                            "function": "set_nbt",
                            "tag":"{CustomPotionEffects: [{Duration: 2420, Id: 11b, Amplifier: 1b, ShowParticles: 1b}, {Duration: 100, Id: 16b, Amplifier: 0b, ShowParticles: 1b}, {Duration: 2420, Id: 22b, Amplifier: 3b, ShowParticles: 1b}, {Duration: 0, Id: 5b, Amplifier: -128b, ShowParticles: 1b}], HideFlags: 32, Potion: \"minecraft:water\", display: {Lore: ['{\"text\":\"§cレッドビートに果汁を加え、\"}', '{\"text\":\"§c吸収を早めたもの。\"}'], Name: '{\"text\":\"§4§lレッドビート§6§lカオス\"}'}}"
                        }
                    ]
                },
                {
                    "type": "item",
                    "name": "minecraft:potion",
                    "weight": 1,
                    "functions": [
                        {
                            "function": "set_nbt",
                            "tag":"{CustomPotionEffects: [{Duration: 0, Id: 5b, Amplifier: 0b, ShowParticles: 1b}, {Duration: 3, Id: 14b, Amplifier: 5b, ShowParticles: 0b}], HideFlags: 32, Potion: \"minecraft:water\", display: {Lore: ['{\"text\":\"§dマナから作られた霊薬。\"}', '{\"text\":\"§d飲むとHPとMPが全回復する。\"}', '{\"text\":\"\"}', '{\"text\":\"§7スプラッシュ化不可\"}'], Name: '{\"text\":\"§5§lラストエリクサー\"}'}}"
                        }
                    ]
                }
            ]
        }
    ]
}