{
    "display": {
        "icon": {
            "item": "minecraft:end_portal_frame"
        },
        "title": "30島を攻略",
        "description": "30島を攻略した証",
        "frame": "task",
        "show_toast": true,
        "announce_to_chat": false,
        "hidden": false
    },
    "parent": "time_limit:time_limit_mission/conquer_island_20",
    "criteria": {
        "requirement": {
            "trigger": "minecraft:impossible"
        }
    },
    "rewards": {
        "function": "time_limit:mission_reward/conquer_island_30"
    }
}