{
    "display": {
        "icon": {
            "item": "minecraft:end_portal_frame"
        },
        "title": "すべての島を攻略",
        "description": "すべての島を攻略し、\nボスを倒した証。",
        "frame": "challenge",
        "show_toast": true,
        "announce_to_chat": false,
        "hidden": false
    },
    "parent": "time_limit:time_limit_mission/conquer_island_40",
    "criteria": {
        "requirement": {
            "trigger": "minecraft:impossible"
        }
    },
    "rewards": {
        "function": "time_limit:mission_reward/conquer_island_50"
    }
}