{
    "display": {
        "icon": {
            "item": "minecraft:fishing_rod"
        },
        "title": "釣り100回",
        "description": "100回釣りをした証。",
        "frame": "task",
        "show_toast": true,
        "announce_to_chat": false,
        "hidden": false
    },
    "parent": "time_limit:time_limit_mission/fished_50",
    "criteria": {
        "requirement": {
            "trigger": "minecraft:impossible"
        }
    },
    "rewards": {
        "function": "minecraft:aaaa"
    }
}