{
    "display": {
        "icon": {
            "item": "minecraft:globe_banner_pattern"
        },
        "title": "クエストライン",
        "description": "進捗を達成して\n報酬を受け取ろう",
        "background": "minecraft:textures/block/light_blue_concrete.png",
        "frame": "task",
        "show_toast": false,
        "announce_to_chat": false,
        "hidden": false
    },
    "criteria": {
        "requirement": {
            "trigger": "minecraft:impossible"
        }
    }
}