{
    "display": {
        "icon": {
            "item": "minecraft:clock"
        },
        "title": "TUSB TimeLimit Edition",
        "description": "チュートリアル",
        "background": "minecraft:textures/block/cyan_wool.png",
        "frame": "task",
        "show_toast": true,
        "announce_to_chat": false,
        "hidden": false
    },
    "criteria": {
        "requirement": {
            "trigger": "minecraft:impossible"
        }
    },
    "rewards": {
        "function": "time_limit:load/tutorial_msg"
    }
}