{
    "display": {
        "icon": {
            "item": "minecraft:crafting_table"
        },
        "title": "TUSB TimeLimit Edition特有の仕様4",
        "description": "レシピは超作業台で見つけてください。\n新しいレシピもあるかも?",
        "show_toast": false,
        "announce_to_chat": false,
        "hidden": false
    },
    "parent": "time_limit:tutorial/tutorial_11",
    "criteria": {
        "requirement": {
            "trigger": "minecraft:impossible"
        }
    }
}