{
    "display": {
        "icon": {
            "item": "minecraft:clock"
        },
        "title": "TUSB TimeLimit豆知識1",
        "description": "タイマーの減少開始は\n誰かが通常世界に行くことで\n始まります。",
        "show_toast": false,
        "announce_to_chat": false,
        "hidden": false
    },
    "parent": "time_limit:tutorial/start",
    "criteria": {
        "requirement": {
            "trigger": "minecraft:impossible"
        }
    }
}