{
    "display": {
        "icon": {
            "item": "minecraft:zombie_head"
        },
        "title": "追加オプションについて6",
        "description": "ボスも相応しい強さに\n強化されています。",
        "show_toast": false,
        "announce_to_chat": false,
        "hidden": false
    },
    "parent": "time_limit:tutorial/tutorial_25",
    "criteria": {
        "requirement": {
            "trigger": "minecraft:impossible"
        }
    }
}