{
    "display": {
        "icon": {
            "item": "minecraft:clock"
        },
        "title": "TUSB TimeLimit豆知識4",
        "description": "スニークを素早く3回押すと、\nステータス表示や\nスキル変更ができます。",
        "show_toast": false,
        "announce_to_chat": false,
        "hidden": false
    },
    "parent": "time_limit:tutorial/tutorial_20",
    "criteria": {
        "requirement": {
            "trigger": "minecraft:impossible"
        }
    }
}