{
    "display": {
        "icon": {
            "item": "minecraft:fishing_rod"
        },
        "title": "TUSB TimeLimit Edition特有の仕様5",
        "description": "この世界の釣りは様変わりしています。\nいつもと違うアイテムが釣れるかも?",
        "show_toast": false,
        "announce_to_chat": false,
        "hidden": false
    },
    "parent": "time_limit:tutorial/tutorial_12",
    "criteria": {
        "requirement": {
            "trigger": "minecraft:impossible"
        }
    }
}