{
    "display": {
        "icon": {
            "item": "minecraft:beacon"
        },
        "title": "追加オプションについて8",
        "description": "これらのオプションは設定で\nオフにすることが可能です。",
        "show_toast": false,
        "announce_to_chat": false,
        "hidden": false
    },
    "parent": "time_limit:tutorial/tutorial_27",
    "criteria": {
        "requirement": {
            "trigger": "minecraft:impossible"
        }
    }
}