{
    "display": {
        "icon": {
            "item": "minecraft:clock"
        },
        "title": "TUSB TimeLimit豆知識2",
        "description": "また、島を攻略することで\n制限時間が増えていきます。",
        "show_toast": false,
        "announce_to_chat": false,
        "hidden": false
    },
    "parent": "time_limit:tutorial/tutorial_18",
    "criteria": {
        "requirement": {
            "trigger": "minecraft:impossible"
        }
    }
}