{
    "display": {
        "icon": {
            "item": "minecraft:ender_eye"
        },
        "title": "この世界のあらすじ3",
        "description": "ワールドを進めることで\n自身の力を取り戻そう。",
        "show_toast": false,
        "announce_to_chat": false,
        "hidden": false
    },
    "parent": "time_limit:tutorial/tutorial_2",
    "criteria": {
        "requirement": {
            "trigger": "minecraft:impossible"
        }
    }
}