{
    "display": {
        "icon": {
            "item": "minecraft:clock"
        },
        "title": "追加オプションについて4",
        "description": "時計島の動きには目を光らせて\nおく必要があるでしょう。",
        "show_toast": false,
        "announce_to_chat": false,
        "hidden": false
    },
    "parent": "time_limit:tutorial/tutorial_23",
    "criteria": {
        "requirement": {
            "trigger": "minecraft:impossible"
        }
    }
}