{
    "display": {
        "icon": {
            "item": "minecraft:netherite_block"
        },
        "title": "難易度について extreme",
        "description": "hardの内容に加え、\n現在の島攻略度に応じて\n死の宣告、予感が高速化する。\nまた、予感が全体化する。",
        "show_toast": false,
        "announce_to_chat": false,
        "hidden": false
    },
    "parent": "time_limit:tutorial/tutorial_31",
    "criteria": {
        "requirement": {
            "trigger": "minecraft:impossible"
        }
    }
}