{
    "display": {
        "icon": {
            "item": "minecraft:crafting_table"
        },
        "title": "TUSB TimeLimit Edition特有の仕様3",
        "description": "時間内でのクラフトが困難なため、\n超作業台でのクラフトコストを\n一部減少しています。",
        "show_toast": false,
        "announce_to_chat": false,
        "hidden": false
    },
    "parent": "time_limit:tutorial/tutorial_10",
    "criteria": {
        "requirement": {
            "trigger": "minecraft:impossible"
        }
    }
}