{
    "display": {
        "icon": {
            "item": "minecraft:zombie_head"
        },
        "title": "追加オプションについて5",
        "description": "時と共に強くなるのは\nプレイヤーだけでは\nありません。",
        "show_toast": false,
        "announce_to_chat": false,
        "hidden": false
    },
    "parent": "time_limit:tutorial/tutorial_24",
    "criteria": {
        "requirement": {
            "trigger": "minecraft:impossible"
        }
    }
}