{
    "display": {
        "icon": {
            "item": "minecraft:nether_star"
        },
        "title": "TUSB TimeLimit Editionの解説1",
        "description": "このデータパックはv12Remakeが\n元になっています。",
        "show_toast": false,
        "announce_to_chat": false,
        "hidden": false
    },
    "parent": "time_limit:tutorial/start",
    "criteria": {
        "requirement": {
            "trigger": "minecraft:impossible"
        }
    }
}