{
    "display": {
        "icon": {
            "item": "minecraft:clock"
        },
        "title": "TUSB TimeLimit豆知識3",
        "description": "難易度を変更することで、\n攻略をした際に増える\n制限時間が変化します。",
        "show_toast": false,
        "announce_to_chat": false,
        "hidden": false
    },
    "parent": "time_limit:tutorial/tutorial_19",
    "criteria": {
        "requirement": {
            "trigger": "minecraft:impossible"
        }
    }
}