{
    "display": {
        "icon": {
            "item": "minecraft:nether_star"
        },
        "title": "TUSB TimeLimit Editionの解説5",
        "description": "もちろん、エンドのスポナーを\n壊すのも忘れずに。",
        "show_toast": false,
        "announce_to_chat": false,
        "hidden": false
    },
    "parent": "time_limit:tutorial/tutorial_7",
    "criteria": {
        "requirement": {
            "trigger": "minecraft:impossible"
        }
    }
}