{
    "display": {
        "icon": {
            "item": "minecraft:fishing_rod"
        },
        "title": "マイクラの仕様変更3",
        "description": "入れ食い6以上のエンチャ\nがついた釣り竿では\n釣りができません。",
        "show_toast": false,
        "announce_to_chat": false,
        "hidden": false
    },
    "parent": "time_limit:tutorial/tutorial_16",
    "criteria": {
        "requirement": {
            "trigger": "minecraft:impossible"
        }
    }
}