{
    "display": {
        "icon": {
            "item": "minecraft:ender_eye"
        },
        "title": "この世界のあらすじ2",
        "description": "あなたは1.10から1.19に\n来た弊害でこの世界に\nまだ順応できていない。",
        "show_toast": false,
        "announce_to_chat": false,
        "hidden": false
    },
    "parent": "time_limit:tutorial/tutorial_1",
    "criteria": {
        "requirement": {
            "trigger": "minecraft:impossible"
        }
    }
}