{
    "display": {
        "icon": {
            "item": "minecraft:clock"
        },
        "title": "追加オプションについて3",
        "description": "この世界の時計島はなにか\n様子がおかしいようだ。",
        "show_toast": false,
        "announce_to_chat": false,
        "hidden": false
    },
    "parent": "time_limit:tutorial/tutorial_22",
    "criteria": {
        "requirement": {
            "trigger": "minecraft:impossible"
        }
    }
}