{
    "display": {
        "icon": {
            "item": "minecraft:diamond_chestplate"
        },
        "title": "追加オプションについて7",
        "description": "ボス戦では不思議な力により\nダイヤ以上の防具が壊れません。",
        "show_toast": false,
        "announce_to_chat": false,
        "hidden": false
    },
    "parent": "time_limit:tutorial/tutorial_26",
    "criteria": {
        "requirement": {
            "trigger": "minecraft:impossible"
        }
    }
}