{
    "display": {
        "icon": {
            "item": "minecraft:gravel"
        },
        "title": "マイクラの仕様変更1",
        "description": "バージョンアップにより\nツタを使った砂利階段が\n作れなくなりました。",
        "show_toast": false,
        "announce_to_chat": false,
        "hidden": false
    },
    "parent": "time_limit:tutorial/start",
    "criteria": {
        "requirement": {
            "trigger": "minecraft:impossible"
        }
    }
}