{
    "display": {
        "icon": {
            "item": "minecraft:nether_star"
        },
        "title": "TUSB TimeLimit Editionの解説3",
        "description": "その過程で壊滅的被害を受けています。\n(Ex:反転エフェクト一部削除)",
        "show_toast": false,
        "announce_to_chat": false,
        "hidden": false
    },
    "parent": "time_limit:tutorial/tutorial_5",
    "criteria": {
        "requirement": {
            "trigger": "minecraft:impossible"
        }
    }
}