{
    "display": {
        "icon": {
            "item": "minecraft:gravel"
        },
        "title": "マイクラの仕様変更2",
        "description": "引き続きハシゴや松明での\n砂利階段はできるので\n活用しましょう。",
        "show_toast": false,
        "announce_to_chat": false,
        "hidden": false
    },
    "parent": "time_limit:tutorial/tutorial_15",
    "criteria": {
        "requirement": {
            "trigger": "minecraft:impossible"
        }
    }
}