{
    "display": {
        "icon": {
            "item": "minecraft:nether_star"
        },
        "title": "TUSB TimeLimit Editionの解説4",
        "description": "TimeLimitでは限られた時間の中で\nすべての島を攻略し\nボスを倒すことが目標です。",
        "show_toast": false,
        "announce_to_chat": false,
        "hidden": false
    },
    "parent": "time_limit:tutorial/tutorial_6",
    "criteria": {
        "requirement": {
            "trigger": "minecraft:impossible"
        }
    }
}