{
    "display": {
        "icon": {
            "item": "minecraft:sugar"
        },
        "title": "TUSB TimeLimit Edition特有の仕様1",
        "description": "マルチ推奨の難易度のため\n発光エフェクトが常時付与されます。",
        "show_toast": false,
        "announce_to_chat": false,
        "hidden": false
    },
    "parent": "time_limit:tutorial/start",
    "criteria": {
        "requirement": {
            "trigger": "minecraft:impossible"
        }
    }
}