{
    "display": {
        "icon": {
            "item": "minecraft:fishing_rod"
        },
        "title": "TUSB TimeLimit Edition特有の仕様6",
        "description": "釣り堀から変なモンスターがいるという\n噂があるようだ。注意されたし。",
        "show_toast": false,
        "announce_to_chat": false,
        "hidden": false
    },
    "parent": "time_limit:tutorial/tutorial_40",
    "criteria": {
        "requirement": {
            "trigger": "minecraft:impossible"
        }
    }
}