{
    "criteria": {
        "place": {
            "trigger": "minecraft:item_used_on_block",
            "conditions": {
                "item": {
                    "items": [
                        "minecraft:armor_stand"
                    ],
                    "nbt": "{EntityTag:{Tags:[\"TL_SignStand\"]}}"
                }
            }
        }
    },
    "requirements": [
        [
            "place"
        ]
    ],
    "rewards": {
        "function": "time_limit:sign_stand/command/place"
    }
}