[
	{
		"condition": "minecraft:reference",
		"name": "tusb_remake:area/underworld"
	},
	{
		"condition": "minecraft:alternative",
		"terms": [
			{
				"condition": "minecraft:entity_scores",
				"entity": "this",
				"scores": {
					"USBDimension": {
						"min": -2147483648,
						"max": 0
					}
				}
			},
			{
				"condition": "minecraft:entity_scores",
				"entity": "this",
				"scores": {
					"USBDimension": {
						"min": 2,
						"max": 2147483647
					}
				}
			}
		]
	}
]