{
    "criteria": {
        "chest": {
            "trigger": "minecraft:item_used_on_block",
            "conditions": {
                "player": [
                    {
                        "condition": "reference",
                        "name": "close_detector:openable"
                    }
                ],
                "location": {
                    "block": {
                        "blocks": [
                            "minecraft:chest"
                        ]
                    }
                }
            }
        },
        "trapped_chest": {
            "trigger": "minecraft:item_used_on_block",
            "conditions": {
                "player": [
                    {
                        "condition": "reference",
                        "name": "close_detector:openable"
                    }
                ],
                "location": {
                    "block": {
                        "blocks": [
                            "minecraft:trapped_chest"
                        ]
                    }
                }
            }
        },
        "ender_chest": {
            "trigger": "minecraft:item_used_on_block",
            "conditions": {
                "player": [
                    {
                        "condition": "reference",
                        "name": "close_detector:openable"
                    }
                ],
                "location": {
                    "block": {
                        "blocks": [
                            "minecraft:ender_chest"
                        ]
                    }
                }
            }
        },
        "barrel": {
            "trigger": "minecraft:item_used_on_block",
            "conditions": {
                "player": [
                    {
                        "condition": "reference",
                        "name": "close_detector:openable"
                    }
                ],
                "location": {
                    "block": {
                        "blocks": [
                            "minecraft:barrel"
                        ]
                    }
                }
            }
        },
        "crafting_table": {
            "trigger": "minecraft:item_used_on_block",
            "conditions": {
                "player": [
                    {
                        "condition": "reference",
                        "name": "close_detector:openable"
                    }
                ],
                "location": {
                    "block": {
                        "blocks": [
                            "minecraft:crafting_table"
                        ]
                    }
                }
            }
        },
        "cartography_table": {
            "trigger": "minecraft:item_used_on_block",
            "conditions": {
                "player": [
                    {
                        "condition": "reference",
                        "name": "close_detector:openable"
                    }
                ],
                "location": {
                    "block": {
                        "blocks": [
                            "minecraft:cartography_table"
                        ]
                    }
                }
            }
        },
        "hopper": {
            "trigger": "minecraft:item_used_on_block",
            "conditions": {
                "player": [
                    {
                        "condition": "reference",
                        "name": "close_detector:openable"
                    }
                ],
                "location": {
                    "block": {
                        "blocks": [
                            "minecraft:hopper"
                        ]
                    }
                }
            }
        },
        "dropper": {
            "trigger": "minecraft:item_used_on_block",
            "conditions": {
                "player": [
                    {
                        "condition": "reference",
                        "name": "close_detector:openable"
                    }
                ],
                "location": {
                    "block": {
                        "blocks": [
                            "minecraft:dropper"
                        ]
                    }
                }
            }
        },
        "dispenser": {
            "trigger": "minecraft:item_used_on_block",
            "conditions": {
                "player": [
                    {
                        "condition": "reference",
                        "name": "close_detector:openable"
                    }
                ],
                "location": {
                    "block": {
                        "blocks": [
                            "minecraft:dispenser"
                        ]
                    }
                }
            }
        },
        "furnace": {
            "trigger": "minecraft:item_used_on_block",
            "conditions": {
                "player": [
                    {
                        "condition": "reference",
                        "name": "close_detector:openable"
                    }
                ],
                "location": {
                    "block": {
                        "blocks": [
                            "minecraft:furnace"
                        ]
                    }
                }
            }
        },
        "blast_furnace": {
            "trigger": "minecraft:item_used_on_block",
            "conditions": {
                "player": [
                    {
                        "condition": "reference",
                        "name": "close_detector:openable"
                    }
                ],
                "location": {
                    "block": {
                        "blocks": [
                            "minecraft:blast_furnace"
                        ]
                    }
                }
            }
        },
        "smoker": {
            "trigger": "minecraft:item_used_on_block",
            "conditions": {
                "player": [
                    {
                        "condition": "reference",
                        "name": "close_detector:openable"
                    }
                ],
                "location": {
                    "block": {
                        "blocks": [
                            "minecraft:smoker"
                        ]
                    }
                }
            }
        },
        "grindstone": {
            "trigger": "minecraft:item_used_on_block",
            "conditions": {
                "player": [
                    {
                        "condition": "reference",
                        "name": "close_detector:openable"
                    }
                ],
                "location": {
                    "block": {
                        "blocks": [
                            "minecraft:grindstone"
                        ]
                    }
                }
            }
        },
        "enchanting_table": {
            "trigger": "minecraft:item_used_on_block",
            "conditions": {
                "player": [
                    {
                        "condition": "reference",
                        "name": "close_detector:openable"
                    }
                ],
                "location": {
                    "block": {
                        "blocks": [
                            "minecraft:enchanting_table"
                        ]
                    }
                }
            }
        },
        "anvil": {
            "trigger": "minecraft:item_used_on_block",
            "conditions": {
                "player": [
                    {
                        "condition": "reference",
                        "name": "close_detector:openable"
                    }
                ],
                "location": {
                    "block": {
                        "blocks": [
                            "minecraft:anvil"
                        ]
                    }
                }
            }
        },
        "chipped_anvil": {
            "trigger": "minecraft:item_used_on_block",
            "conditions": {
                "player": [
                    {
                        "condition": "reference",
                        "name": "close_detector:openable"
                    }
                ],
                "location": {
                    "block": {
                        "blocks": [
                            "minecraft:chipped_anvil"
                        ]
                    }
                }
            }
        },
        "damaged_anvil": {
            "trigger": "minecraft:item_used_on_block",
            "conditions": {
                "player": [
                    {
                        "condition": "reference",
                        "name": "close_detector:openable"
                    }
                ],
                "location": {
                    "block": {
                        "blocks": [
                            "minecraft:damaged_anvil"
                        ]
                    }
                }
            }
        },
        "shulker_box": {
            "trigger": "minecraft:item_used_on_block",
            "conditions": {
                "player": [
                    {
                        "condition": "reference",
                        "name": "close_detector:openable"
                    }
                ],
                "location": {
                    "block": {
                        "blocks": [
                            "minecraft:shulker_box"
                        ]
                    }
                }
            }
        },
        "white_shulker_box": {
            "trigger": "minecraft:item_used_on_block",
            "conditions": {
                "player": [
                    {
                        "condition": "reference",
                        "name": "close_detector:openable"
                    }
                ],
                "location": {
                    "block": {
                        "blocks": [
                            "minecraft:white_shulker_box"
                        ]
                    }
                }
            }
        },
        "orange_shulker_box": {
            "trigger": "minecraft:item_used_on_block",
            "conditions": {
                "player": [
                    {
                        "condition": "reference",
                        "name": "close_detector:openable"
                    }
                ],
                "location": {
                    "block": {
                        "blocks": [
                            "minecraft:orange_shulker_box"
                        ]
                    }
                }
            }
        },
        "magenta_shulker_box": {
            "trigger": "minecraft:item_used_on_block",
            "conditions": {
                "player": [
                    {
                        "condition": "reference",
                        "name": "close_detector:openable"
                    }
                ],
                "location": {
                    "block": {
                        "blocks": [
                            "minecraft:magenta_shulker_box"
                        ]
                    }
                }
            }
        },
        "light_blue_shulker_box": {
            "trigger": "minecraft:item_used_on_block",
            "conditions": {
                "player": [
                    {
                        "condition": "reference",
                        "name": "close_detector:openable"
                    }
                ],
                "location": {
                    "block": {
                        "blocks": [
                            "minecraft:light_blue_shulker_box"
                        ]
                    }
                }
            }
        },
        "yellow_shulker_box": {
            "trigger": "minecraft:item_used_on_block",
            "conditions": {
                "player": [
                    {
                        "condition": "reference",
                        "name": "close_detector:openable"
                    }
                ],
                "location": {
                    "block": {
                        "blocks": [
                            "minecraft:yellow_shulker_box"
                        ]
                    }
                }
            }
        },
        "lime_shulker_box": {
            "trigger": "minecraft:item_used_on_block",
            "conditions": {
                "player": [
                    {
                        "condition": "reference",
                        "name": "close_detector:openable"
                    }
                ],
                "location": {
                    "block": {
                        "blocks": [
                            "minecraft:lime_shulker_box"
                        ]
                    }
                }
            }
        },
        "pink_shulker_box": {
            "trigger": "minecraft:item_used_on_block",
            "conditions": {
                "player": [
                    {
                        "condition": "reference",
                        "name": "close_detector:openable"
                    }
                ],
                "location": {
                    "block": {
                        "blocks": [
                            "minecraft:pink_shulker_box"
                        ]
                    }
                }
            }
        },
        "gray_shulker_box": {
            "trigger": "minecraft:item_used_on_block",
            "conditions": {
                "player": [
                    {
                        "condition": "reference",
                        "name": "close_detector:openable"
                    }
                ],
                "location": {
                    "block": {
                        "blocks": [
                            "minecraft:gray_shulker_box"
                        ]
                    }
                }
            }
        },
        "light_gray_shulker_box": {
            "trigger": "minecraft:item_used_on_block",
            "conditions": {
                "player": [
                    {
                        "condition": "reference",
                        "name": "close_detector:openable"
                    }
                ],
                "location": {
                    "block": {
                        "blocks": [
                            "minecraft:light_gray_shulker_box"
                        ]
                    }
                }
            }
        },
        "cyan_shulker_box": {
            "trigger": "minecraft:item_used_on_block",
            "conditions": {
                "player": [
                    {
                        "condition": "reference",
                        "name": "close_detector:openable"
                    }
                ],
                "location": {
                    "block": {
                        "blocks": [
                            "minecraft:cyan_shulker_box"
                        ]
                    }
                }
            }
        },
        "purple_shulker_box": {
            "trigger": "minecraft:item_used_on_block",
            "conditions": {
                "player": [
                    {
                        "condition": "reference",
                        "name": "close_detector:openable"
                    }
                ],
                "location": {
                    "block": {
                        "blocks": [
                            "minecraft:purple_shulker_box"
                        ]
                    }
                }
            }
        },
        "blue_shulker_box": {
            "trigger": "minecraft:item_used_on_block",
            "conditions": {
                "player": [
                    {
                        "condition": "reference",
                        "name": "close_detector:openable"
                    }
                ],
                "location": {
                    "block": {
                        "blocks": [
                            "minecraft:blue_shulker_box"
                        ]
                    }
                }
            }
        },
        "brown_shulker_box": {
            "trigger": "minecraft:item_used_on_block",
            "conditions": {
                "player": [
                    {
                        "condition": "reference",
                        "name": "close_detector:openable"
                    }
                ],
                "location": {
                    "block": {
                        "blocks": [
                            "minecraft:brown_shulker_box"
                        ]
                    }
                }
            }
        },
        "green_shulker_box": {
            "trigger": "minecraft:item_used_on_block",
            "conditions": {
                "player": [
                    {
                        "condition": "reference",
                        "name": "close_detector:openable"
                    }
                ],
                "location": {
                    "block": {
                        "blocks": [
                            "minecraft:green_shulker_box"
                        ]
                    }
                }
            }
        },
        "red_shulker_box": {
            "trigger": "minecraft:item_used_on_block",
            "conditions": {
                "player": [
                    {
                        "condition": "reference",
                        "name": "close_detector:openable"
                    }
                ],
                "location": {
                    "block": {
                        "blocks": [
                            "minecraft:red_shulker_box"
                        ]
                    }
                }
            }
        },
        "black_shulker_box": {
            "trigger": "minecraft:item_used_on_block",
            "conditions": {
                "player": [
                    {
                        "condition": "reference",
                        "name": "close_detector:openable"
                    }
                ],
                "location": {
                    "block": {
                        "blocks": [
                            "minecraft:black_shulker_box"
                        ]
                    }
                }
            }
        },
        "chest_boat": {
            "trigger": "minecraft:player_interacted_with_entity",
            "conditions": {
                "entity": {
                    "type": "chest_boat"
                }
            }
        },
        "chest_minecart": {
            "trigger": "minecraft:player_interacted_with_entity",
            "conditions": {
                "entity": {
                    "type": "chest_minecart"
                }
            }
        },
        "hopper_minecart": {
            "trigger": "minecraft:player_interacted_with_entity",
            "conditions": {
                "entity": {
                    "type": "hopper_minecart"
                }
            }
        }
    },
    "requirements": [
        [
            "chest",
            "trapped_chest",
            "ender_chest",
            "barrel",
            "crafting_table",
            "cartography_table",
            "hopper",
            "dropper",
            "dispenser",
            "furnace",
            "blast_furnace",
            "smoker",
            "grindstone",
            "enchanting_table",
            "anvil",
            "chipped_anvil",
            "damaged_anvil",
            "shulker_box",
            "white_shulker_box",
            "orange_shulker_box",
            "magenta_shulker_box",
            "light_blue_shulker_box",
            "yellow_shulker_box",
            "lime_shulker_box",
            "pink_shulker_box",
            "gray_shulker_box",
            "light_gray_shulker_box",
            "cyan_shulker_box",
            "purple_shulker_box",
            "blue_shulker_box",
            "brown_shulker_box",
            "green_shulker_box",
            "red_shulker_box",
            "black_shulker_box",
            "chest_boat",
            "chest_minecart",
            "hopper_minecart"
        ]
    ],
    "rewards": {
        "function": "close_detector:open/"
    }
}
