{
	"criteria": {
		"enter": {
			"trigger": "minecraft:enter_block",
			"conditions": {
				"player": {
					"location": {
						"dimension": "minecraft:overworld",
						"position": {
							"x": {
								"min": 107.0,
								"max": 109.0
							},
							"y": {
								"min": 40.0,
								"max": 42.0
							},
							"z": {
								"min": 3.0,
								"max": 4.0
							}
						}
					}
				}
			}
		}
	},
	"rewards": {
		"function": "tusb_remake:gimmic/niconico/trigger"
	}
}